id,10,20,30,40,50,60,70,80,90
2020-04-01-10001,0.00,0.00,0.00,0.00,0.00,0.00,0.00,0.00,0.00
2020-04-01-10003,0.00,0.00,0.00,0.00,0.00,0.00,0.00,0.00,0.00
2020-04-01-10005,0.00,0.00,0.02,0.02,0.03,0.03,0.04,0.04,0.05
2020-04-01-1001,0.14,0.14,0.14,0.15,0.15,0.15,0.15,0.16,0.16
2020-04-01-1003,0.00,0.00,0.00,0.00,0.00,0.00,0.00,0.00,0.00
2020-04-01-1005,0.00,0.00,0.01,0.01,0.02,0.02,0.02,0.03,0.03
2020-04-01-1007,0.00,0.00,0.00,0.00,0.00,0.00,0.00,0.00,0.00
2020-04-01-1009,0.00,0.00,0.00,0.00,0.00,0.00,0.00,0.00,0.00
2020-04-01-1011,0.00,0.00,0.02,0.02,0.03,0.03,0.04,0.04,0.05
2020-04-01-1013,0.15,0.15,0.15,0.16,0.16,0.16,0.17,0.17,0.18
2020-04-01-1015,0.00,0.00,0.00,0.00,0.00,0.00,0.00,0.00,0.00
2020-04-01-1017,0.00,0.00,0.01,0.01,0.02,0.02,0.02,0.03,0.03
2020-04-01-1019,0.00,0.00,0.00,0.00,0.00,0.00,0.00,0.00,0.00
2020-04-01-1021,0.00,0.00,0.00,0.00,0.00,0.00,0.00,0.00,0.00
2020-04-01-1023,0.00,0.00,0.02,0.02,0.03,0.03,0.04,0.04,0.05
2020-04-01-1025,0.16,0.16,0.17,0.17,0.17,0.18,0.18,0.18,0.19
2020-04-01-1027,0.00,0.00,0.00,0.00,0.00,0.00,0.00,0.00,0.00
2020-04-01-1029,0.00,0.00,0.01,0.01,0.02,0.02,0.02,0.03,0.03
2020-04-01-1031,0.00,0.00,0.00,0.00,0.00,0.00,0.00,0.00,0.00
2020-04-01-1033,0.00,0.00,0.00,0.00,0.00,0.00,0.00,0.00,0.00
2020-04-01-1035,0.00,0.00,0.02,0.02,0.03,0.03,0.04,0.04,0.05
2020-04-01-1037,0.17,0.18,0.18,0.18,0.19,0.19,0.19,0.20,0.20
2020-04-01-1039,0.00,0.00,0.00,0.00,0.00,0.00,0.00,0.00,0.00
2020-04-01-1041,0.00,0.00,0.01,0.01,0.02,0.02,0.02,0.03,0.03
2020-04-01-1043,0.00,0.00,0.00,0.00,0.00,0.00,0.00,0.00,0.00
2020-04-01-1045,0.00,0.00,0.00,0.00,0.00,0.00,0.00,0.00,0.00
2020-04-01-1047,0.00,0.00,0.02,0.02,0.03,0.03,0.04,0.04,0.05
2020-04-01-1049,0.19,0.19,0.20,0.20,0.20,0.20,0.21,0.21,0.21
2020-04-01-1051,0.00,0.00,0.00,0.00,0.00,0.00,0.00,0.00,0.00
2020-04-01-1053,0.00,0.00,0.01,0.01,0.02,0.02,0.02,0.03,0.03
2020-04-01-1055,0.00,0.00,0.00,0.00,0.00,0.00,0.00,0.00,0.00
2020-04-01-1057,0.00,0.00,0.00,0.00,0.00,0.00,0.00,0.00,0.00
2020-04-01-1059,0.00,0.01,0.02,0.02,0.03,0.03,0.04,0.04,0.05
2020-04-01-1061,0.20,0.21,0.21,0.21,0.21,0.22,0.22,0.22,0.23
2020-04-01-1063,0.00,0.00,0.00,0.00,0.00,0.00,0.00,0.00,0.00
2020-04-01-1065,0.00,0.00,0.01,0.01,0.02,0.02,0.02,0.03,0.03
2020-04-01-1067,0.00,0.00,0.00,0.00,0.00,0.00,0.00,0.00,0.00
2020-04-01-1069,0.00,0.00,0.00,0.00,0.00,0.00,0.00,0.00,0.00
2020-04-01-1071,0.00,0.01,0.02,0.02,0.03,0.03,0.04,0.04,0.05
2020-04-01-1073,0.22,0.22,0.22,0.22,0.23,0.23,0.23,0.24,0.24
2020-04-01-1075,0.00,0.00,0.00,0.00,0.00,0.00,0.00,0.00,0.00
2020-04-01-1077,0.00,0.00,0.01,0.01,0.02,0.02,0.02,0.03,0.03
2020-04-01-1079,0.00,0.00,0.00,0.00,0.00,0.00,0.00,0.00,0.00
2020-04-01-1081,0.00,0.00,0.00,0.00,0.00,0.00,0.00,0.00,0.00
2020-04-01-1083,0.00,0.01,0.02,0.02,0.03,0.03,0.04,0.04,0.05
2020-04-01-1085,0.23,0.23,0.24,0.24,0.24,0.24,0.25,0.25,0.26
2020-04-01-1087,0.00,0.00,0.00,0.00,0.00,0.00,0.00,0.00,0.00
2020-04-01-1089,0.00,0.00,0.01,0.01,0.02,0.02,0.02,0.03,0.03
2020-04-01-1091,0.00,0.00,0.00,0.00,0.00,0.00,0.00,0.00,0.00
2020-04-01-1093,0.00,0.00,0.00,0.00,0.00,0.00,0.00,0.00,0.00
2020-04-01-1095,0.00,0.01,0.02,0.02,0.03,0.03,0.04,0.04,0.05
2020-04-01-1097,0.24,0.25,0.25,0.25,0.25,0.26,0.26,0.27,0.27
2020-04-01-1099,0.00,0.00,0.00,0.00,0.00,0.00,0.00,0.00,0.00
2020-04-01-11001,0.00,0.00,0.01,0.01,0.02,0.02,0.02,0.03,0.03
2020-04-01-1101,0.00,0.00,0.00,0.00,0.00,0.00,0.00,0.00,0.00
2020-04-01-1103,0.00,0.00,0.00,0.00,0.00,0.00,0.00,0.00,0.00
2020-04-01-1105,0.00,0.01,0.02,0.02,0.03,0.03,0.04,0.04,0.05
2020-04-01-1107,0.25,0.26,0.26,0.26,0.27,0.27,0.27,0.28,0.28
2020-04-01-1109,0.00,0.00,0.00,0.00,0.00,0.00,0.00,0.00,0.00
2020-04-01-1111,0.00,0.00,0.01,0.01,0.02,0.02,0.02,0.03,0.03
2020-04-01-1113,0.00,0.00,0.00,0.00,0.00,0.00,0.00,0.00,0.00
2020-04-01-1115,0.00,0.00,0.00,0.00,0.00,0.00,0.00,0.00,0.00
2020-04-01-1117,0.00,0.01,0.02,0.02,0.03,0.03,0.04,0.04,0.05
2020-04-01-1119,0.27,0.27,0.27,0.28,0.28,0.28,0.29,0.29,0.30
2020-04-01-1121,0.00,0.00,0.00,0.00,0.00,0.00,0.00,0.00,0.00
2020-04-01-1123,0.00,0.00,0.01,0.01,0.02,0.02,0.02,0.03,0.03
2020-04-01-1125,0.00,0.00,0.00,0.00,0.00,0.00,0.00,0.00,0.00
2020-04-01-1127,0.00,0.00,0.00,0.00,0.00,0.00,0.00,0.00,0.00
2020-04-01-1129,0.00,0.01,0.02,0.02,0.03,0.03,0.04,0.04,0.05
2020-04-01-1131,0.28,0.28,0.28,0.29,0.29,0.30,0.30,0.30,0.31
2020-04-01-1133,0.00,0.00,0.00,0.00,0.00,0.00,0.00,0.00,0.00
2020-04-01-12001,0.00,0.00,0.01,0.01,0.02,0.02,0.02,0.03,0.03
2020-04-01-12003,0.00,0.00,0.00,0.00,0.00,0.00,0.00,0.00,0.00
2020-04-01-12005,0.00,0.00,0.00,0.00,0.00,0.00,0.00,0.00,0.00
2020-04-01-12007,0.00,0.01,0.02,0.02,0.03,0.03,0.04,0.04,0.05
2020-04-01-12009,0.29,0.29,0.30,0.30,0.30,0.31,0.31,0.32,0.32
2020-04-01-12011,0.00,0.00,0.00,0.00,0.00,0.00,0.00,0.00,0.00
2020-04-01-12013,0.00,0.00,0.01,0.01,0.02,0.02,0.02,0.03,0.03
2020-04-01-12015,0.00,0.00,0.00,0.00,0.00,0.00,0.00,0.00,0.00
2020-04-01-12017,0.00,0.00,0.00,0.00,0.00,0.00,0.00,0.00,0.00
2020-04-01-12019,0.00,0.01,0.02,0.02,0.03,0.03,0.04,0.04,0.05
2020-04-01-12021,0.30,0.30,0.31,0.31,0.31,0.32,0.32,0.33,0.33
2020-04-01-12023,0.00,0.00,0.00,0.00,0.00,0.00,0.00,0.00,0.00
2020-04-01-12027,0.00,0.00,0.01,0.01,0.02,0.02,0.02,0.03,0.03
2020-04-01-12029,0.00,0.00,0.00,0.00,0.00,0.00,0.00,0.00,0.00
2020-04-01-12031,0.00,0.00,0.00,0.00,0.00,0.00,0.00,0.00,0.00
2020-04-01-12033,0.00,0.01,0.02,0.02,0.03,0.03,0.04,0.04,0.05
2020-04-01-12035,0.31,0.31,0.32,0.32,0.32,0.32,0.33,0.34,0.34
2020-04-01-12037,0.00,0.00,0.00,0.00,0.00,0.00,0.00,0.00,0.00
2020-04-01-12039,0.00,0.00,0.01,0.01,0.02,0.02,0.02,0.03,0.03
2020-04-01-12041,0.00,0.00,0.00,0.00,0.00,0.00,0.00,0.00,0.00
2020-04-01-12043,0.00,0.00,0.00,0.00,0.00,0.00,0.00,0.00,0.00
2020-04-01-12045,0.00,0.01,0.02,0.02,0.03,0.03,0.04,0.04,0.05
2020-04-01-12047,0.31,0.32,0.32,0.33,0.33,0.33,0.34,0.35,0.35
2020-04-01-12049,0.00,0.00,0.00,0.00,0.00,0.00,0.00,0.00,0.00
2020-04-01-12051,0.00,0.00,0.01,0.01,0.02,0.02,0.02,0.03,0.03
2020-04-01-12053,0.00,0.00,0.00,0.00,0.00,0.00,0.00,0.00,0.00
2020-04-01-12055,0.00,0.00,0.00,0.00,0.00,0.00,0.00,0.00,0.00
2020-04-01-12057,0.00,0.01,0.02,0.03,0.03,0.03,0.04,0.04,0.05
2020-04-01-12059,0.32,0.33,0.33,0.33,0.34,0.34,0.35,0.35,0.36
2020-04-01-12061,0.00,0.00,0.00,0.00,0.00,0.00,0.00,0.00,0.00
2020-04-01-12063,0.00,0.00,0.01,0.01,0.02,0.02,0.02,0.03,0.03
2020-04-01-12065,0.00,0.00,0.00,0.00,0.00,0.00,0.00,0.00,0.00
2020-04-01-12067,0.00,0.00,0.00,0.00,0.00,0.00,0.00,0.00,0.00
2020-04-01-12069,0.00,0.01,0.02,0.03,0.03,0.03,0.04,0.04,0.05
2020-04-01-12071,0.33,0.33,0.34,0.34,0.34,0.35,0.35,0.36,0.37
2020-04-01-12073,0.00,0.00,0.00,0.00,0.00,0.00,0.00,0.00,0.00
2020-04-01-12075,0.00,0.00,0.01,0.01,0.02,0.02,0.02,0.03,0.03
2020-04-01-12077,0.00,0.00,0.00,0.00,0.00,0.00,0.00,0.00,0.00
2020-04-01-12079,0.00,0.00,0.00,0.00,0.00,0.00,0.00,0.00,0.00
2020-04-01-12081,0.00,0.01,0.02,0.03,0.03,0.03,0.04,0.04,0.05
2020-04-01-12083,0.33,0.34,0.34,0.34,0.35,0.35,0.36,0.36,0.37
2020-04-01-12085,0.00,0.00,0.00,0.00,0.00,0.00,0.00,0.00,0.00
2020-04-01-12086,0.00,0.00,0.01,0.01,0.02,0.02,0.02,0.03,0.03
2020-04-01-12087,0.00,0.00,0.00,0.00,0.00,0.00,0.00,0.00,0.00
2020-04-01-12089,0.00,0.00,0.00,0.00,0.00,0.00,0.00,0.00,0.00
2020-04-01-12091,0.00,0.01,0.02,0.03,0.03,0.03,0.04,0.04,0.05
2020-04-01-12093,0.34,0.34,0.35,0.35,0.35,0.36,0.36,0.37,0.38
2020-04-01-12095,0.00,0.00,0.00,0.00,0.00,0.00,0.00,0.00,0.00
2020-04-01-12097,0.00,0.00,0.01,0.01,0.02,0.02,0.02,0.03,0.03
2020-04-01-12099,0.00,0.00,0.00,0.00,0.00,0.00,0.00,0.00,0.00
2020-04-01-12101,0.00,0.00,0.00,0.00,0.00,0.00,0.00,0.00,0.00
2020-04-01-12103,0.00,0.01,0.02,0.03,0.03,0.03,0.04,0.04,0.05
2020-04-01-12105,0.34,0.34,0.35,0.35,0.35,0.36,0.36,0.37,0.38
2020-04-01-12107,0.00,0.00,0.00,0.00,0.00,0.00,0.00,0.00,0.00
2020-04-01-12109,0.00,0.00,0.01,0.01,0.02,0.02,0.02,0.03,0.03
2020-04-01-12111,0.00,0.00,0.00,0.00,0.00,0.00,0.00,0.00,0.00
2020-04-01-12113,0.00,0.00,0.00,0.00,0.00,0.00,0.00,0.00,0.00
2020-04-01-12115,0.00,0.01,0.02,0.03,0.03,0.03,0.04,0.04,0.05
2020-04-01-12117,0.34,0.34,0.35,0.35,0.35,0.36,0.36,0.37,0.38
2020-04-01-12119,0.00,0.00,0.00,0.00,0.00,0.00,0.00,0.00,0.00
2020-04-01-12121,0.00,0.00,0.01,0.01,0.02,0.02,0.02,0.03,0.03
2020-04-01-12123,0.00,0.00,0.00,0.00,0.00,0.00,0.00,0.00,0.00
2020-04-01-12125,0.00,0.00,0.00,0.00,0.00,0.00,0.00,0.00,0.00
2020-04-01-12127,0.00,0.01,0.02,0.03,0.03,0.03,0.04,0.04,0.05
2020-04-01-12129,0.34,0.34,0.35,0.35,0.35,0.36,0.36,0.37,0.38
2020-04-01-12131,0.00,0.00,0.00,0.00,0.00,0.00,0.00,0.00,0.00
2020-04-01-12133,0.00,0.00,0.01,0.01,0.02,0.02,0.02,0.03,0.03
2020-04-01-13001,0.00,0.00,0.00,0.00,0.00,0.00,0.00,0.00,0.00
2020-04-01-13003,0.00,0.00,0.00,0.00,0.00,0.00,0.00,0.00,0.00
2020-04-01-13005,0.00,0.01,0.02,0.03,0.03,0.03,0.04,0.04,0.05
2020-04-01-13007,0.34,0.34,0.34,0.35,0.35,0.36,0.36,0.37,0.37
2020-04-01-13009,0.00,0.00,0.00,0.00,0.00,0.00,0.00,0.00,0.00
2020-04-01-13011,0.00,0.00,0.01,0.01,0.02,0.02,0.02,0.03,0.03
2020-04-01-13013,0.00,0.00,0.00,0.00,0.00,0.00,0.00,0.00,0.00
2020-04-01-13015,0.00,0.00,0.00,0.00,0.00,0.00,0.00,0.00,0.00
2020-04-01-13017,0.00,0.01,0.02,0.03,0.03,0.03,0.04,0.04,0.05
2020-04-01-13019,0.33,0.34,0.34,0.34,0.35,0.35,0.36,0.36,0.37
2020-04-01-13021,0.00,0.00,0.00,0.00,0.00,0.00,0.00,0.00,0.00
2020-04-01-13023,0.00,0.00,0.01,0.01,0.02,0.02,0.02,0.03,0.03
2020-04-01-13025,0.00,0.00,0.00,0.00,0.00,0.00,0.00,0.00,0.00
2020-04-01-13027,0.00,0.00,0.00,0.00,0.00,0.00,0.00,0.00,0.00
2020-04-01-13029,0.00,0.01,0.02,0.03,0.03,0.03,0.04,0.04,0.05
2020-04-01-13031,0.33,0.33,0.34,0.34,0.34,0.35,0.35,0.36,0.36
2020-04-01-13033,0.00,0.00,0.00,0.00,0.00,0.00,0.00,0.00,0.00
2020-04-01-13035,0.00,0.00,0.01,0.01,0.02,0.02,0.02,0.03,0.03
2020-04-01-13037,0.00,0.00,0.00,0.00,0.00,0.00,0.00,0.00,0.00
2020-04-01-13039,0.00,0.00,0.00,0.00,0.00,0.00,0.00,0.00,0.00
2020-04-01-13043,0.00,0.01,0.02,0.03,0.03,0.03,0.04,0.04,0.05
2020-04-01-13045,0.32,0.32,0.33,0.33,0.34,0.34,0.34,0.35,0.36
2020-04-01-13047,0.00,0.00,0.00,0.00,0.00,0.00,0.00,0.00,0.00
2020-04-01-13049,0.00,0.00,0.01,0.01,0.02,0.02,0.02,0.03,0.03
2020-04-01-13051,0.00,0.00,0.00,0.00,0.00,0.00,0.00,0.00,0.00
2020-04-01-13053,0.00,0.00,0.00,0.00,0.00,0.00,0.00,0.00,0.00
2020-04-01-13055,0.00,0.01,0.02,0.03,0.03,0.03,0.04,0.04,0.05
2020-04-01-13057,0.31,0.32,0.32,0.33,0.33,0.33,0.34,0.34,0.35
2020-04-01-13059,0.00,0.00,0.00,0.00,0.00,0.00,0.00,0.00,0.00
2020-04-01-13061,0.00,0.00,0.01,0.01,0.02,0.02,0.02,0.03,0.03
2020-04-01-13063,0.00,0.00,0.00,0.00,0.00,0.00,0.00,0.00,0.00
2020-04-01-13065,0.00,0.00,0.00,0.00,0.00,0.00,0.00,0.00,0.00
2020-04-01-13067,0.00,0.01,0.02,0.03,0.03,0.03,0.04,0.04,0.05
2020-04-01-13069,0.31,0.31,0.31,0.32,0.32,0.32,0.33,0.33,0.34
2020-04-01-13071,0.00,0.00,0.00,0.00,0.00,0.00,0.00,0.00,0.00
2020-04-01-13073,0.00,0.00,0.01,0.01,0.02,0.02,0.02,0.03,0.03
2020-04-01-13075,0.00,0.00,0.00,0.00,0.00,0.00,0.00,0.00,0.00
2020-04-01-13077,0.00,0.00,0.00,0.00,0.00,0.00,0.00,0.00,0.00
2020-04-01-13079,0.00,0.01,0.02,0.03,0.03,0.03,0.04,0.04,0.05
2020-04-01-13081,0.30,0.30,0.30,0.31,0.31,0.31,0.32,0.32,0.33
2020-04-01-13083,0.00,0.00,0.00,0.00,0.00,0.00,0.00,0.00,0.00
2020-04-01-13085,0.00,0.00,0.01,0.01,0.02,0.02,0.02,0.03,0.03
2020-04-01-13087,0.00,0.00,0.00,0.00,0.00,0.00,0.00,0.00,0.00
2020-04-01-13089,0.00,0.00,0.00,0.00,0.00,0.00,0.00,0.00,0.00
2020-04-01-13091,0.00,0.01,0.02,0.03,0.03,0.03,0.04,0.04,0.05
2020-04-01-13093,0.29,0.29,0.29,0.30,0.30,0.30,0.31,0.31,0.31
2020-04-01-13095,0.00,0.00,0.00,0.00,0.00,0.00,0.00,0.00,0.00
2020-04-01-13097,0.00,0.01,0.01,0.01,0.02,0.02,0.02,0.03,0.03
2020-04-01-13099,0.00,0.00,0.00,0.00,0.00,0.00,0.00,0.00,0.00
2020-04-01-13101,0.00,0.00,0.00,0.00,0.00,0.00,0.00,0.00,0.00
2020-04-01-13103,0.00,0.01,0.02,0.03,0.03,0.03,0.04,0.04,0.05
2020-04-01-13105,0.28,0.28,0.28,0.29,0.29,0.29,0.30,0.30,0.30
2020-04-01-13107,0.00,0.00,0.00,0.00,0.00,0.00,0.00,0.00,0.00
2020-04-01-13109,0.00,0.01,0.01,0.01,0.02,0.02,0.02,0.03,0.03
2020-04-01-13111,0.00,0.00,0.00,0.00,0.00,0.00,0.00,0.00,0.00
2020-04-01-13113,0.00,0.00,0.00,0.00,0.00,0.00,0.00,0.00,0.00
2020-04-01-13115,0.00,0.01,0.02,0.03,0.03,0.03,0.04,0.04,0.05
2020-04-01-13117,0.27,0.27,0.27,0.27,0.28,0.28,0.28,0.29,0.29
2020-04-01-13119,0.00,0.00,0.00,0.00,0.00,0.00,0.00,0.00,0.00
2020-04-01-13121,0.00,0.01,0.01,0.01,0.02,0.02,0.02,0.03,0.03
2020-04-01-13123,0.00,0.00,0.00,0.00,0.00,0.00,0.00,0.00,0.00
2020-04-01-13125,0.00,0.00,0.00,0.00,0.00,0.00,0.00,0.00,0.00
2020-04-01-13127,0.00,0.01,0.02,0.03,0.03,0.03,0.04,0.04,0.05
2020-04-01-13129,0.25,0.26,0.26,0.26,0.27,0.27,0.27,0.27,0.28
2020-04-01-13131,0.00,0.00,0.00,0.00,0.00,0.00,0.00,0.00,0.00
2020-04-01-13133,0.00,0.01,0.01,0.01,0.02,0.02,0.02,0.03,0.03
2020-04-01-13135,0.00,0.00,0.00,0.00,0.00,0.00,0.00,0.00,0.00
2020-04-01-13137,0.00,0.00,0.00,0.00,0.00,0.00,0.00,0.00,0.00
2020-04-01-13139,0.00,0.01,0.02,0.03,0.03,0.03,0.04,0.04,0.05
2020-04-01-13141,0.24,0.24,0.25,0.25,0.25,0.26,0.26,0.26,0.26
2020-04-01-13143,0.00,0.00,0.00,0.00,0.00,0.00,0.00,0.00,0.00
2020-04-01-13145,0.00,0.01,0.01,0.01,0.02,0.02,0.02,0.03,0.03
2020-04-01-13147,0.00,0.00,0.00,0.00,0.00,0.00,0.00,0.00,0.00
2020-04-01-13149,0.00,0.00,0.00,0.00,0.00,0.00,0.00,0.00,0.00
2020-04-01-13151,0.00,0.01,0.02,0.03,0.03,0.03,0.04,0.04,0.05
2020-04-01-13153,0.22,0.23,0.23,0.24,0.24,0.24,0.25,0.25,0.25
2020-04-01-13155,0.00,0.00,0.00,0.00,0.00,0.00,0.00,0.00,0.00
2020-04-01-13157,0.00,0.01,0.01,0.01,0.02,0.02,0.02,0.03,0.03
2020-04-01-13159,0.00,0.00,0.00,0.00,0.00,0.00,0.00,0.00,0.00
2020-04-01-13161,0.00,0.00,0.00,0.00,0.00,0.00,0.00,0.00,0.00
2020-04-01-13163,0.00,0.01,0.02,0.03,0.03,0.03,0.04,0.04,0.05
2020-04-01-13165,0.21,0.22,0.22,0.22,0.23,0.23,0.23,0.23,0.24
2020-04-01-13167,0.00,0.00,0.00,0.00,0.00,0.00,0.00,0.00,0.00
2020-04-01-13169,0.00,0.01,0.01,0.01,0.02,0.02,0.02,0.03,0.03
2020-04-01-13171,0.00,0.00,0.00,0.00,0.00,0.00,0.00,0.00,0.00
2020-04-01-13173,0.00,0.00,0.00,0.00,0.00,0.00,0.00,0.00,0.00
2020-04-01-13175,0.00,0.01,0.02,0.03,0.03,0.03,0.04,0.04,0.05
2020-04-01-13177,0.20,0.21,0.21,0.21,0.21,0.21,0.22,0.22,0.22
2020-04-01-13179,0.00,0.00,0.00,0.00,0.00,0.00,0.00,0.00,0.00
2020-04-01-13181,0.00,0.01,0.01,0.01,0.02,0.02,0.02,0.03,0.03
2020-04-01-13183,0.00,0.00,0.00,0.00,0.00,0.00,0.00,0.00,0.00
2020-04-01-13185,0.00,0.00,0.00,0.00,0.00,0.00,0.00,0.00,0.00
2020-04-01-13187,0.00,0.01,0.02,0.03,0.03,0.03,0.04,0.04,0.05
2020-04-01-13189,0.18,0.19,0.19,0.20,0.20,0.20,0.20,0.21,0.21
2020-04-01-13191,0.00,0.00,0.00,0.00,0.00,0.00,0.00,0.00,0.00
2020-04-01-13193,0.00,0.01,0.01,0.01,0.02,0.02,0.02,0.03,0.03
2020-04-01-13195,0.00,0.00,0.00,0.00,0.00,0.00,0.00,0.00,0.00
2020-04-01-13197,0.00,0.00,0.00,0.00,0.00,0.00,0.00,0.00,0.00
2020-04-01-13199,0.00,0.01,0.02,0.03,0.03,0.03,0.04,0.04,0.05
2020-04-01-13201,0.17,0.18,0.18,0.18,0.19,0.19,0.19,0.19,0.20
2020-04-01-13205,0.00,0.00,0.00,0.00,0.00,0.00,0.00,0.00,0.00
2020-04-01-13207,0.00,0.01,0.01,0.01,0.02,0.02,0.02,0.03,0.03
2020-04-01-13209,0.00,0.00,0.00,0.00,0.00,0.00,0.00,0.00,0.00
2020-04-01-13211,0.00,0.00,0.00,0.00,0.00,0.00,0.00,0.00,0.00
2020-04-01-13213,0.00,0.01,0.02,0.03,0.03,0.03,0.04,0.04,0.05
2020-04-01-13215,0.16,0.16,0.17,0.17,0.17,0.17,0.18,0.18,0.18
2020-04-01-13217,0.00,0.00,0.00,0.00,0.00,0.00,0.00,0.00,0.00
2020-04-01-13219,0.00,0.01,0.01,0.01,0.02,0.02,0.02,0.03,0.03
2020-04-01-13221,0.00,0.00,0.00,0.00,0.00,0.00,0.00,0.00,0.00
2020-04-01-13223,0.00,0.00,0.00,0.00,0.00,0.00,0.00,0.00,0.00
2020-04-01-13225,0.00,0.01,0.02,0.03,0.03,0.03,0.04,0.04,0.05
2020-04-01-13227,0.15,0.15,0.15,0.16,0.16,0.16,0.16,0.17,0.17
2020-04-01-13229,0.00,0.00,0.00,0.00,0.00,0.00,0.00,0.00,0.00
2020-04-01-13231,0.00,0.01,0.01,0.02,0.02,0.02,0.02,0.03,0.03
2020-04-01-13233,0.00,0.00,0.00,0.00,0.00,0.00,0.00,0.00,0.00
2020-04-01-13235,0.00,0.00,0.00,0.00,0.00,0.00,0.00,0.00,0.00
2020-04-01-13237,0.00,0.01,0.02,0.03,0.03,0.03,0.04,0.04,0.05
2020-04-01-13239,0.13,0.14,0.14,0.14,0.15,0.15,0.15,0.15,0.16
2020-04-01-13241,0.00,0.00,0.00,0.00,0.00,0.00,0.00,0.00,0.00
2020-04-01-13243,0.00,0.01,0.01,0.02,0.02,0.02,0.02,0.03,0.03
2020-04-01-13245,0.00,0.00,0.00,0.00,0.00,0.00,0.00,0.00,0.00
2020-04-01-13247,0.00,0.00,0.00,0.00,0.00,0.00,0.00,0.00,0.00
2020-04-01-13249,0.00,0.01,0.02,0.03,0.03,0.03,0.04,0.04,0.05
2020-04-01-13251,0.12,0.12,0.13,0.13,0.13,0.14,0.14,0.14,0.15
2020-04-01-13253,0.00,0.00,0.00,0.00,0.00,0.00,0.00,0.00,0.00
2020-04-01-13255,0.00,0.01,0.01,0.02,0.02,0.02,0.02,0.03,0.03
2020-04-01-13257,0.00,0.00,0.00,0.00,0.00,0.00,0.00,0.00,0.00
2020-04-01-13259,0.00,0.00,0.00,0.00,0.00,0.00,0.00,0.00,0.00
2020-04-01-13261,0.00,0.01,0.02,0.03,0.03,0.03,0.04,0.04,0.05
2020-04-01-13263,0.11,0.11,0.12,0.12,0.12,0.13,0.13,0.13,0.13
2020-04-01-13265,0.00,0.00,0.00,0.00,0.00,0.00,0.00,0.00,0.00
2020-04-01-13267,0.00,0.01,0.01,0.02,0.02,0.02,0.02,0.03,0.03
2020-04-01-13269,0.00,0.00,0.00,0.00,0.00,0.00,0.00,0.00,0.00
2020-04-01-13271,0.00,0.00,0.00,0.00,0.00,0.00,0.00,0.00,0.00
2020-04-01-13273,0.00,0.01,0.02,0.03,0.03,0.03,0.04,0.04,0.05
2020-04-01-13275,0.10,0.10,0.11,0.11,0.11,0.11,0.12,0.12,0.12
2020-04-01-13277,0.00,0.00,0.00,0.00,0.00,0.00,0.00,0.00,0.00
2020-04-01-13279,0.00,0.01,0.01,0.02,0.02,0.02,0.02,0.03,0.03
2020-04-01-13281,0.00,0.00,0.00,0.00,0.00,0.00,0.00,0.00,0.00
2020-04-01-13283,0.00,0.00,0.00,0.00,0.00,0.00,0.00,0.00,0.00
2020-04-01-13285,0.00,0.01,0.02,0.03,0.03,0.03,0.04,0.04,0.05
2020-04-01-13287,0.09,0.09,0.10,0.10,0.10,0.10,0.11,0.11,0.11
2020-04-01-13289,0.00,0.00,0.00,0.00,0.00,0.00,0.00,0.00,0.00
2020-04-01-13291,0.00,0.01,0.01,0.02,0.02,0.02,0.02,0.03,0.03
2020-04-01-13293,0.00,0.00,0.00,0.00,0.00,0.00,0.00,0.00,0.00
2020-04-01-13295,0.00,0.00,0.00,0.00,0.00,0.00,0.00,0.00,0.00
2020-04-01-13297,0.00,0.01,0.02,0.03,0.03,0.03,0.04,0.04,0.05
2020-04-01-13299,0.08,0.08,0.09,0.09,0.09,0.09,0.10,0.10,0.10
2020-04-01-13301,0.00,0.00,0.00,0.00,0.00,0.00,0.00,0.00,0.00
2020-04-01-13303,0.00,0.01,0.01,0.02,0.02,0.02,0.02,0.03,0.03
2020-04-01-13305,0.00,0.00,0.00,0.00,0.00,0.00,0.00,0.00,0.00
2020-04-01-13307,0.00,0.00,0.00,0.00,0.00,0.00,0.00,0.00,0.00
2020-04-01-13309,0.00,0.01,0.02,0.03,0.03,0.03,0.04,0.04,0.05
2020-04-01-13311,0.07,0.07,0.08,0.08,0.08,0.08,0.09,0.09,0.09
2020-04-01-13313,0.00,0.00,0.00,0.00,0.00,0.00,0.00,0.00,0.00
2020-04-01-13315,0.00,0.01,0.01,0.02,0.02,0.02,0.02,0.03,0.03
2020-04-01-13317,0.00,0.00,0.00,0.00,0.00,0.00,0.00,0.00,0.00
2020-04-01-13319,0.00,0.00,0.00,0.00,0.00,0.00,0.00,0.00,0.00
2020-04-01-13321,0.00,0.01,0.02,0.03,0.03,0.03,0.04,0.04,0.05
2020-04-01-15001,0.06,0.07,0.07,0.07,0.07,0.08,0.08,0.08,0.08
2020-04-01-15003,0.00,0.00,0.00,0.00,0.00,0.00,0.00,0.00,0.00
2020-04-01-15005,0.00,0.01,0.01,0.02,0.02,0.02,0.02,0.03,0.03
2020-04-01-15007,0.00,0.00,0.00,0.00,0.00,0.00,0.00,0.00,0.00
2020-04-01-15009,0.00,0.00,0.00,0.00,0.00,0.00,0.00,0.00,0.00
2020-04-01-16001,0.00,0.01,0.02,0.03,0.03,0.03,0.04,0.04,0.05
2020-04-01-16003,0.05,0.06,0.06,0.06,0.07,0.07,0.07,0.07,0.08
2020-04-01-16005,0.00,0.00,0.00,0.00,0.00,0.00,0.00,0.00,0.00
2020-04-01-16007,0.00,0.01,0.01,0.02,0.02,0.02,0.02,0.03,0.03
2020-04-01-16009,0.00,0.00,0.00,0.00,0.00,0.00,0.00,0.00,0.00
2020-04-01-16011,0.00,0.00,0.00,0.00,0.00,0.00,0.00,0.00,0.00
2020-04-01-16013,0.00,0.01,0.02,0.03,0.03,0.03,0.04,0.04,0.05
2020-04-01-16015,0.05,0.05,0.05,0.06,0.06,0.06,0.06,0.07,0.07
2020-04-01-16017,0.00,0.00,0.00,0.00,0.00,0.00,0.00,0.00,0.00
2020-04-01-16019,0.00,0.01,0.01,0.02,0.02,0.02,0.02,0.03,0.03
2020-04-01-16021,0.00,0.00,0.00,0.00,0.00,0.00,0.00,0.00,0.00
2020-04-01-16023,0.00,0.00,0.00,0.00,0.00,0.00,0.00,0.00,0.00
2020-04-01-16025,0.00,0.01,0.02,0.03,0.03,0.03,0.04,0.04,0.05
2020-04-01-16027,0.04,0.05,0.05,0.05,0.05,0.05,0.06,0.06,0.06
2020-04-01-16029,0.00,0.00,0.00,0.00,0.00,0.00,0.00,0.00,0.00
2020-04-01-16031,0.00,0.01,0.01,0.02,0.02,0.02,0.02,0.03,0.03
2020-04-01-16033,0.00,0.00,0.00,0.00,0.00,0.00,0.00,0.00,0.00
2020-04-01-16035,0.00,0.00,0.00,0.00,0.00,0.00,0.00,0.00,0.00
2020-04-01-16037,0.00,0.01,0.02,0.03,0.03,0.03,0.04,0.04,0.05
2020-04-01-16039,0.03,0.04,0.04,0.04,0.05,0.05,0.05,0.05,0.05
2020-04-01-16041,0.00,0.00,0.00,0.00,0.00,0.00,0.00,0.00,0.00
2020-04-01-16043,0.00,0.01,0.01,0.02,0.02,0.02,0.02,0.03,0.03
2020-04-01-16045,0.00,0.00,0.00,0.00,0.00,0.00,0.00,0.00,0.00
2020-04-01-16047,0.00,0.00,0.00,0.00,0.00,0.00,0.00,0.00,0.00
2020-04-01-16049,0.00,0.01,0.02,0.03,0.03,0.03,0.04,0.04,0.05
2020-04-01-16051,0.03,0.03,0.04,0.04,0.04,0.04,0.04,0.05,0.05
2020-04-01-16053,0.00,0.00,0.00,0.00,0.00,0.00,0.00,0.00,0.00
2020-04-01-16055,0.00,0.01,0.01,0.02,0.02,0.02,0.02,0.03,0.03
2020-04-01-16057,0.00,0.00,0.00,0.00,0.00,0.00,0.00,0.00,0.00
2020-04-01-16059,0.00,0.00,0.00,0.00,0.00,0.00,0.00,0.00,0.00
2020-04-01-16061,0.00,0.01,0.02,0.03,0.03,0.03,0.04,0.04,0.05
2020-04-01-16063,0.03,0.03,0.03,0.03,0.03,0.04,0.04,0.04,0.04
2020-04-01-16065,0.00,0.00,0.00,0.00,0.00,0.00,0.00,0.00,0.00
2020-04-01-16067,0.00,0.01,0.01,0.02,0.02,0.02,0.02,0.03,0.03
2020-04-01-16069,0.00,0.00,0.00,0.00,0.00,0.00,0.00,0.00,0.00
2020-04-01-16071,0.00,0.00,0.00,0.00,0.00,0.00,0.00,0.00,0.00
2020-04-01-16073,0.00,0.01,0.02,0.03,0.03,0.03,0.04,0.04,0.05
2020-04-01-16075,0.02,0.03,0.03,0.03,0.03,0.03,0.03,0.04,0.04
2020-04-01-16077,0.00,0.00,0.00,0.00,0.00,0.00,0.00,0.00,0.00
2020-04-01-16079,0.00,0.01,0.01,0.02,0.02,0.02,0.02,0.03,0.03
2020-04-01-16081,0.00,0.00,0.00,0.00,0.00,0.00,0.00,0.00,0.00
2020-04-01-16083,0.00,0.00,0.00,0.00,0.00,0.00,0.00,0.00,0.00
2020-04-01-16085,0.00,0.01,0.02,0.03,0.03,0.03,0.04,0.04,0.05
2020-04-01-16087,0.02,0.02,0.02,0.03,0.03,0.03,0.03,0.03,0.03
2020-04-01-17001,0.00,0.00,0.00,0.00,0.00,0.00,0.00,0.00,0.00
2020-04-01-17003,0.00,0.01,0.01,0.02,0.02,0.02,0.02,0.03,0.03
2020-04-01-17005,0.00,0.00,0.00,0.00,0.00,0.00,0.00,0.00,0.00
2020-04-01-17007,0.00,0.00,0.00,0.00,0.00,0.00,0.00,0.00,0.00
2020-04-01-17009,0.00,0.01,0.02,0.03,0.03,0.03,0.04,0.04,0.05
2020-04-01-17011,0.02,0.02,0.02,0.02,0.02,0.02,0.03,0.03,0.03
2020-04-01-17013,0.00,0.00,0.00,0.00,0.00,0.00,0.00,0.00,0.00
2020-04-01-17015,0.00,0.01,0.01,0.02,0.02,0.02,0.02,0.03,0.03
2020-04-01-17017,0.00,0.00,0.00,0.00,0.00,0.00,0.00,0.00,0.00
2020-04-01-17019,0.00,0.00,0.00,0.00,0.00,0.00,0.00,0.00,0.00
2020-04-01-17021,0.00,0.01,0.02,0.03,0.03,0.03,0.04,0.04,0.05
2020-04-01-17023,0.01,0.02,0.02,0.02,0.02,0.02,0.02,0.02,0.03
2020-04-01-17025,0.00,0.00,0.00,0.00,0.00,0.00,0.00,0.00,0.00
2020-04-01-17027,0.00,0.01,0.01,0.02,0.02,0.02,0.02,0.03,0.03
2020-04-01-17029,0.00,0.00,0.00,0.00,0.00,0.00,0.00,0.00,0.00
2020-04-01-17031,0.00,0.00,0.00,0.00,0.00,0.00,0.00,0.00,0.00
2020-04-01-17033,0.00,0.01,0.02,0.03,0.03,0.03,0.04,0.04,0.05
2020-04-01-17035,0.01,0.01,0.01,0.02,0.02,0.02,0.02,0.02,0.02
2020-04-01-17037,0.00,0.00,0.00,0.00,0.00,0.00,0.00,0.00,0.00
2020-04-01-17039,0.00,0.01,0.01,0.02,0.02,0.02,0.02,0.03,0.03
2020-04-01-17041,0.00,0.00,0.00,0.00,0.00,0.00,0.00,0.00,0.00
2020-04-01-17043,0.00,0.00,0.00,0.00,0.00,0.00,0.00,0.00,0.00
2020-04-01-17045,0.00,0.01,0.02,0.03,0.03,0.03,0.04,0.04,0.05
2020-04-01-17047,0.01,0.01,0.01,0.01,0.01,0.02,0.02,0.02,0.02
2020-04-01-17049,0.00,0.00,0.00,0.00,0.00,0.00,0.00,0.00,0.00
2020-04-01-17051,0.00,0.01,0.01,0.02,0.02,0.02,0.02,0.03,0.03
2020-04-01-17053,0.00,0.00,0.00,0.00,0.00,0.00,0.00,0.00,0.00
2020-04-01-17055,0.00,0.00,0.00,0.00,0.00,0.00,0.00,0.00,0.00
2020-04-01-17057,0.00,0.01,0.02,0.03,0.03,0.03,0.04,0.04,0.05
2020-04-01-17059,0.01,0.01,0.01,0.01,0.01,0.01,0.01,0.02,0.02
2020-04-01-17061,0.00,0.00,0.00,0.00,0.00,0.00,0.00,0.00,0.00
2020-04-01-17063,0.00,0.01,0.01,0.02,0.02,0.02,0.02,0.03,0.03
2020-04-01-17065,0.00,0.00,0.00,0.00,0.00,0.00,0.00,0.00,0.00
2020-04-01-17067,0.00,0.00,0.00,0.00,0.00,0.00,0.00,0.00,0.00
2020-04-01-17069,0.00,0.01,0.02,0.03,0.03,0.03,0.04,0.04,0.05
2020-04-01-17071,0.01,0.01,0.01,0.01,0.01,0.01,0.01,0.01,0.01
2020-04-01-17073,0.00,0.00,0.00,0.00,0.00,0.00,0.00,0.00,0.00
2020-04-01-17075,0.00,0.01,0.01,0.02,0.02,0.02,0.02,0.03,0.03
2020-04-01-17077,0.00,0.00,0.00,0.00,0.00,0.00,0.00,0.00,0.00
2020-04-01-17079,0.00,0.00,0.00,0.00,0.00,0.00,0.00,0.00,0.00
2020-04-01-17081,0.00,0.01,0.02,0.03,0.03,0.03,0.04,0.04,0.05
2020-04-01-17083,0.01,0.01,0.01,0.01,0.01,0.01,0.01,0.01,0.01
2020-04-01-17085,0.00,0.00,0.00,0.00,0.00,0.00,0.00,0.00,0.00
2020-04-01-17087,0.00,0.01,0.01,0.02,0.02,0.02,0.02,0.03,0.03
2020-04-01-17089,0.00,0.00,0.00,0.00,0.00,0.00,0.00,0.00,0.00
2020-04-01-17091,0.00,0.00,0.00,0.00,0.00,0.00,0.00,0.00,0.00
2020-04-01-17093,0.00,0.01,0.02,0.03,0.03,0.03,0.04,0.04,0.05
2020-04-01-17095,0.00,0.01,0.01,0.01,0.01,0.01,0.01,0.01,0.01
2020-04-01-17097,0.00,0.00,0.00,0.00,0.00,0.00,0.00,0.00,0.00
2020-04-01-17099,0.00,0.01,0.01,0.02,0.02,0.02,0.02,0.03,0.03
2020-04-01-17101,0.00,0.00,0.00,0.00,0.00,0.00,0.00,0.00,0.00
2020-04-01-17103,0.00,0.00,0.00,0.00,0.00,0.00,0.00,0.00,0.00
2020-04-01-17105,0.00,0.01,0.02,0.03,0.03,0.03,0.04,0.04,0.05
2020-04-01-17107,0.00,0.00,0.01,0.01,0.01,0.01,0.01,0.01,0.01
2020-04-01-17109,0.00,0.00,0.00,0.00,0.00,0.00,0.00,0.00,0.00
2020-04-01-17111,0.00,0.01,0.01,0.02,0.02,0.02,0.02,0.03,0.03
2020-04-01-17113,0.00,0.00,0.00,0.00,0.00,0.00,0.00,0.00,0.00
2020-04-01-17115,0.00,0.00,0.00,0.00,0.00,0.00,0.00,0.00,0.00
2020-04-01-17117,0.00,0.01,0.02,0.03,0.03,0.03,0.04,0.04,0.05
2020-04-01-17119,0.00,0.00,0.00,0.00,0.01,0.01,0.01,0.01,0.01
2020-04-01-17121,0.00,0.00,0.00,0.00,0.00,0.00,0.00,0.00,0.00
2020-04-01-17123,0.00,0.01,0.01,0.02,0.02,0.02,0.02,0.03,0.03
2020-04-01-17125,0.00,0.00,0.00,0.00,0.00,0.00,0.00,0.00,0.00
2020-04-01-17127,0.00,0.00,0.00,0.00,0.00,0.00,0.00,0.00,0.00
2020-04-01-17129,0.00,0.02,0.02,0.03,0.03,0.03,0.04,0.04,0.05
2020-04-01-17131,0.00,0.00,0.00,0.00,0.00,0.00,0.01,0.01,0.01
2020-04-01-17133,0.00,0.00,0.00,0.00,0.00,0.00,0.00,0.00,0.00
2020-04-01-17135,0.00,0.01,0.01,0.02,0.02,0.02,0.02,0.03,0.03
2020-04-01-17137,0.00,0.00,0.00,0.00,0.00,0.00,0.00,0.00,0.00
2020-04-01-17139,0.00,0.00,0.00,0.00,0.00,0.00,0.00,0.00,0.00
2020-04-01-17141,0.00,0.02,0.02,0.03,0.03,0.03,0.04,0.04,0.05
2020-04-01-17143,0.00,0.00,0.00,0.00,0.00,0.00,0.00,0.00,0.01
2020-04-01-17145,0.00,0.00,0.00,0.00,0.00,0.00,0.00,0.00,0.00
2020-04-01-17147,0.00,0.01,0.01,0.02,0.02,0.02,0.02,0.03,0.03
2020-04-01-17149,0.00,0.00,0.00,0.00,0.00,0.00,0.00,0.00,0.00
2020-04-01-17151,0.00,0.00,0.00,0.00,0.00,0.00,0.00,0.00,0.00
2020-04-01-17153,0.00,0.02,0.02,0.03,0.03,0.03,0.04,0.04,0.05
2020-04-01-17155,0.00,0.00,0.00,0.00,0.00,0.00,0.00,0.00,0.00
2020-04-01-17157,0.00,0.00,0.00,0.00,0.00,0.00,0.00,0.00,0.00
2020-04-01-17159,0.00,0.01,0.01,0.02,0.02,0.02,0.02,0.03,0.03
2020-04-01-17161,0.00,0.00,0.00,0.00,0.00,0.00,0.00,0.00,0.00
2020-04-01-17163,0.00,0.00,0.00,0.00,0.00,0.00,0.00,0.00,0.00
2020-04-01-17165,0.00,0.02,0.02,0.03,0.03,0.03,0.04,0.04,0.05
2020-04-01-17167,0.00,0.00,0.00,0.00,0.00,0.00,0.00,0.00,0.00
2020-04-01-17169,0.00,0.00,0.00,0.00,0.00,0.00,0.00,0.00,0.00
2020-04-01-17171,0.00,0.01,0.01,0.02,0.02,0.02,0.02,0.03,0.03
2020-04-01-17173,0.00,0.00,0.00,0.00,0.00,0.00,0.00,0.00,0.00
2020-04-01-17175,0.00,0.00,0.00,0.00,0.00,0.00,0.00,0.00,0.00
2020-04-01-17177,0.00,0.02,0.02,0.03,0.03,0.03,0.04,0.04,0.05
2020-04-01-17179,0.00,0.00,0.00,0.00,0.00,0.00,0.00,0.00,0.00
2020-04-01-17181,0.00,0.00,0.00,0.00,0.00,0.00,0.00,0.00,0.00
2020-04-01-17183,0.00,0.01,0.01,0.02,0.02,0.02,0.02,0.03,0.03
2020-04-01-17185,0.00,0.00,0.00,0.00,0.00,0.00,0.00,0.00,0.00
2020-04-01-17187,0.00,0.00,0.00,0.00,0.00,0.00,0.00,0.00,0.00
2020-04-01-17189,0.01,0.02,0.02,0.03,0.03,0.03,0.04,0.04,0.05
2020-04-01-17191,0.00,0.00,0.00,0.00,0.00,0.00,0.00,0.00,0.00
2020-04-01-17193,0.00,0.00,0.00,0.00,0.00,0.00,0.00,0.00,0.00
2020-04-01-17195,0.00,0.01,0.01,0.02,0.02,0.02,0.02,0.03,0.03
2020-04-01-17197,0.00,0.00,0.00,0.00,0.00,0.00,0.00,0.00,0.00
2020-04-01-17199,0.00,0.00,0.00,0.00,0.00,0.00,0.00,0.00,0.00
2020-04-01-17201,0.01,0.02,0.02,0.03,0.03,0.03,0.04,0.04,0.05
2020-04-01-17203,0.00,0.00,0.00,0.00,0.00,0.00,0.00,0.00,0.00
2020-04-01-18001,0.00,0.00,0.00,0.00,0.00,0.00,0.00,0.00,0.00
2020-04-01-18003,0.00,0.01,0.01,0.02,0.02,0.02,0.02,0.03,0.03
2020-04-01-18005,0.00,0.00,0.00,0.00,0.00,0.00,0.00,0.00,0.00
2020-04-01-18007,0.00,0.00,0.00,0.00,0.00,0.00,0.00,0.00,0.00
2020-04-01-18009,0.01,0.02,0.02,0.03,0.03,0.03,0.04,0.04,0.05
2020-04-01-18011,0.00,0.00,0.00,0.00,0.00,0.00,0.00,0.00,0.00
2020-04-01-18013,0.00,0.00,0.00,0.00,0.00,0.00,0.00,0.00,0.00
2020-04-01-18015,0.00,0.01,0.01,0.02,0.02,0.02,0.02,0.03,0.03
2020-04-01-18017,0.00,0.00,0.00,0.00,0.00,0.00,0.00,0.00,0.00
2020-04-01-18019,0.00,0.00,0.00,0.00,0.00,0.00,0.00,0.00,0.00
2020-04-01-18021,0.01,0.02,0.02,0.03,0.03,0.03,0.04,0.04,0.05
2020-04-01-18023,0.00,0.00,0.00,0.00,0.00,0.00,0.00,0.00,0.00
2020-04-01-18025,0.00,0.00,0.00,0.00,0.00,0.00,0.00,0.00,0.00
2020-04-01-18027,0.00,0.01,0.01,0.02,0.02,0.02,0.02,0.03,0.03
2020-04-01-18029,0.00,0.00,0.00,0.00,0.00,0.00,0.00,0.00,0.00
2020-04-01-18031,0.00,0.00,0.00,0.00,0.00,0.00,0.00,0.00,0.00
2020-04-01-18033,0.01,0.02,0.02,0.03,0.03,0.03,0.04,0.04,0.05
2020-04-01-18035,0.00,0.00,0.00,0.00,0.00,0.00,0.00,0.00,0.00
2020-04-01-18037,0.00,0.00,0.00,0.00,0.00,0.00,0.00,0.00,0.00
2020-04-01-18039,0.00,0.01,0.01,0.02,0.02,0.02,0.02,0.03,0.03
2020-04-01-18041,0.00,0.00,0.00,0.00,0.00,0.00,0.00,0.00,0.00
2020-04-01-18043,0.00,0.00,0.00,0.00,0.00,0.00,0.00,0.00,0.00
2020-04-01-18045,0.01,0.02,0.02,0.03,0.03,0.03,0.04,0.04,0.05
2020-04-01-18047,0.00,0.00,0.00,0.00,0.00,0.00,0.00,0.00,0.00
2020-04-01-18049,0.00,0.00,0.00,0.00,0.00,0.00,0.00,0.00,0.00
2020-04-01-18051,0.00,0.01,0.01,0.02,0.02,0.02,0.02,0.03,0.03
2020-04-01-18053,0.00,0.00,0.00,0.00,0.00,0.00,0.00,0.00,0.00
2020-04-01-18055,0.00,0.00,0.00,0.00,0.00,0.00,0.00,0.00,0.00
2020-04-01-18057,0.01,0.02,0.02,0.03,0.03,0.03,0.04,0.04,0.05
2020-04-01-18059,0.00,0.00,0.00,0.00,0.00,0.00,0.00,0.00,0.00
2020-04-01-18061,0.00,0.00,0.00,0.00,0.00,0.00,0.00,0.00,0.00
2020-04-01-18063,0.00,0.01,0.01,0.02,0.02,0.02,0.02,0.03,0.03
2020-04-01-18065,0.00,0.00,0.00,0.00,0.00,0.00,0.00,0.00,0.00
2020-04-01-18067,0.00,0.00,0.00,0.00,0.00,0.00,0.00,0.00,0.00
2020-04-01-18069,0.01,0.02,0.02,0.03,0.03,0.03,0.04,0.04,0.05
2020-04-01-18071,0.00,0.00,0.00,0.00,0.00,0.00,0.00,0.00,0.00
2020-04-01-18073,0.00,0.00,0.00,0.00,0.00,0.00,0.00,0.00,0.00
2020-04-01-18075,0.00,0.01,0.01,0.02,0.02,0.02,0.02,0.03,0.03
2020-04-01-18077,0.00,0.00,0.00,0.00,0.00,0.00,0.00,0.00,0.00
2020-04-01-18079,0.00,0.00,0.00,0.00,0.00,0.00,0.00,0.00,0.00
2020-04-01-18081,0.01,0.02,0.02,0.03,0.03,0.03,0.04,0.04,0.05
2020-04-01-18083,0.00,0.00,0.00,0.00,0.00,0.00,0.00,0.00,0.00
2020-04-01-18085,0.00,0.00,0.00,0.00,0.00,0.00,0.00,0.00,0.00
2020-04-01-18087,0.00,0.01,0.01,0.02,0.02,0.02,0.02,0.03,0.03
2020-04-01-18089,0.00,0.00,0.00,0.00,0.00,0.00,0.00,0.00,0.00
2020-04-01-18091,0.00,0.00,0.00,0.00,0.00,0.00,0.00,0.00,0.00
2020-04-01-18093,0.01,0.02,0.02,0.03,0.03,0.03,0.04,0.04,0.05
2020-04-01-18095,0.00,0.00,0.00,0.00,0.00,0.00,0.00,0.00,0.00
2020-04-01-18097,0.00,0.00,0.00,0.00,0.00,0.00,0.00,0.00,0.00
2020-04-01-18099,0.00,0.01,0.01,0.02,0.02,0.02,0.02,0.03,0.03
2020-04-01-18101,0.00,0.00,0.00,0.00,0.00,0.00,0.00,0.00,0.00
2020-04-01-18103,0.00,0.00,0.00,0.00,0.00,0.00,0.00,0.00,0.00
2020-04-01-18105,0.01,0.02,0.02,0.03,0.03,0.03,0.04,0.04,0.05
2020-04-01-18107,0.00,0.00,0.00,0.00,0.00,0.00,0.00,0.00,0.00
2020-04-01-18109,0.00,0.00,0.00,0.00,0.00,0.00,0.00,0.00,0.00
2020-04-01-18111,0.00,0.01,0.01,0.02,0.02,0.02,0.02,0.03,0.03
2020-04-01-18113,0.00,0.00,0.00,0.00,0.00,0.00,0.00,0.00,0.00
2020-04-01-18115,0.00,0.00,0.00,0.00,0.00,0.00,0.00,0.00,0.00
2020-04-01-18117,0.01,0.02,0.02,0.03,0.03,0.03,0.04,0.04,0.05
2020-04-01-18119,0.00,0.00,0.00,0.00,0.00,0.00,0.00,0.00,0.00
2020-04-01-18121,0.00,0.00,0.00,0.00,0.00,0.00,0.00,0.00,0.00
2020-04-01-18123,0.00,0.01,0.01,0.02,0.02,0.02,0.02,0.03,0.03
2020-04-01-18125,0.00,0.00,0.00,0.00,0.00,0.00,0.00,0.00,0.00
2020-04-01-18127,0.00,0.00,0.00,0.00,0.00,0.00,0.00,0.00,0.00
2020-04-01-18129,0.01,0.02,0.02,0.03,0.03,0.03,0.04,0.04,0.05
2020-04-01-18131,0.00,0.00,0.00,0.00,0.00,0.00,0.00,0.00,0.00
2020-04-01-18133,0.00,0.00,0.00,0.00,0.00,0.00,0.00,0.00,0.00
2020-04-01-18135,0.00,0.01,0.01,0.02,0.02,0.02,0.02,0.03,0.03
2020-04-01-18137,0.00,0.00,0.00,0.00,0.00,0.00,0.00,0.00,0.00
2020-04-01-18139,0.00,0.00,0.00,0.00,0.00,0.00,0.00,0.00,0.00
2020-04-01-18141,0.01,0.02,0.02,0.03,0.03,0.03,0.04,0.04,0.05
2020-04-01-18143,0.00,0.00,0.00,0.00,0.00,0.00,0.00,0.00,0.00
2020-04-01-18145,0.00,0.00,0.00,0.00,0.00,0.00,0.00,0.00,0.00
2020-04-01-18147,0.00,0.01,0.01,0.02,0.02,0.02,0.02,0.03,0.03
2020-04-01-18149,0.00,0.00,0.00,0.00,0.00,0.00,0.00,0.00,0.00
2020-04-01-18151,0.00,0.00,0.00,0.00,0.00,0.00,0.00,0.00,0.00
2020-04-01-18153,0.01,0.02,0.02,0.03,0.03,0.03,0.04,0.04,0.05
2020-04-01-18155,0.00,0.00,0.00,0.00,0.00,0.00,0.00,0.00,0.00
2020-04-01-18157,0.00,0.00,0.00,0.00,0.00,0.00,0.00,0.00,0.00
2020-04-01-18159,0.00,0.01,0.01,0.02,0.02,0.02,0.02,0.03,0.03
2020-04-01-18161,0.00,0.00,0.00,0.00,0.00,0.00,0.00,0.00,0.00
2020-04-01-18163,0.00,0.00,0.00,0.00,0.00,0.00,0.00,0.00,0.00
2020-04-01-18165,0.01,0.02,0.02,0.03,0.03,0.03,0.04,0.04,0.05
2020-04-01-18167,0.00,0.00,0.00,0.00,0.00,0.00,0.00,0.00,0.00
2020-04-01-18169,0.00,0.00,0.00,0.00,0.00,0.00,0.00,0.00,0.00
2020-04-01-18171,0.00,0.01,0.01,0.02,0.02,0.02,0.02,0.03,0.03
2020-04-01-18173,0.00,0.00,0.00,0.00,0.00,0.00,0.00,0.00,0.00
2020-04-01-18175,0.00,0.00,0.00,0.00,0.00,0.00,0.00,0.00,0.00
2020-04-01-18177,0.01,0.02,0.02,0.03,0.03,0.03,0.04,0.04,0.05
2020-04-01-18179,0.00,0.00,0.00,0.00,0.00,0.00,0.00,0.00,0.00
2020-04-01-18181,0.00,0.00,0.00,0.00,0.00,0.00,0.00,0.00,0.00
2020-04-01-18183,0.00,0.01,0.01,0.02,0.02,0.02,0.02,0.03,0.03
2020-04-01-19001,0.00,0.00,0.00,0.00,0.00,0.00,0.00,0.00,0.00
2020-04-01-19003,0.00,0.00,0.00,0.00,0.00,0.00,0.00,0.00,0.00
2020-04-01-19005,0.01,0.02,0.02,0.03,0.03,0.03,0.04,0.04,0.05
2020-04-01-19007,0.00,0.00,0.00,0.00,0.00,0.00,0.00,0.00,0.00
2020-04-01-19009,0.00,0.00,0.00,0.00,0.00,0.00,0.00,0.00,0.00
2020-04-01-19011,0.00,0.01,0.01,0.02,0.02,0.02,0.02,0.03,0.03
