,fips,cluster,long,lat,deaths,clusterDeaths,state,county,clusterLat,clusterLong,distance
2102,12029.0,74,-83.056329,29.634179,0,115,ClusterState,cluster74,30.84758061739131,-83.78990537391304,1.417913178389723
2127,12041.0,74,-82.808262,29.704639,0,115,ClusterState,cluster74,30.84758061739131,-83.78990537391304,1.506631758032614
2036,12123.0,74,-83.59796700000001,30.064881,0,115,ClusterState,cluster74,30.84758061739131,-83.78990537391304,0.8058902099199867
2090,12067.0,74,-83.179508,30.065417999999998,0,115,ClusterState,cluster74,30.84758061739131,-83.78990537391304,0.992150852503977
1936,12129.0,74,-84.331546,30.185525,1,115,ClusterState,cluster74,30.84758061739131,-83.78990537391304,0.8553900913310033
2111,12121.0,74,-82.987546,30.214688,18,115,ClusterState,cluster74,30.84758061739131,-83.78990537391304,1.021926430842535
1945,12073.0,74,-84.270371,30.466103000000004,6,115,ClusterState,cluster74,30.84758061739131,-83.78990537391304,0.613491964431218
2058,12079.0,74,-83.430563,30.47263,3,115,ClusterState,cluster74,30.84758061739131,-83.78990537391304,0.5193408391139497
2109,12047.0,74,-82.997218,30.501534000000003,0,115,ClusterState,cluster74,30.84758061739131,-83.78990537391304,0.864928629523336
1999,12065.0,74,-83.886291,30.504031,2,115,ClusterState,cluster74,30.84758061739131,-83.78990537391304,0.35681441748602055
2101,13101.0,74,-83.057989,30.708629,0,115,ClusterState,cluster74,30.84758061739131,-83.78990537391304,0.7449893491706242
2042,13027.0,74,-83.54009,30.842082,7,115,ClusterState,cluster74,30.84758061739131,-83.78990537391304,0.24987588086193238
2077,13185.0,74,-83.280221,30.857006,4,115,ClusterState,cluster74,30.84758061739131,-83.78990537391304,0.5097715163173147
1991,13275.0,74,-83.948411,30.868962,26,115,ClusterState,cluster74,30.84758061739131,-83.78990537391304,0.1599412299048467
1953,13131.0,74,-84.214288,30.882764,4,115,ClusterState,cluster74,30.84758061739131,-83.78990537391304,0.42583856534636205
2098,13173.0,74,-83.090886,31.035393,2,115,ClusterState,cluster74,30.84758061739131,-83.78990537391304,0.7238104559668506
2059,13075.0,74,-83.424499,31.149846999999998,1,115,ClusterState,cluster74,30.84758061739131,-83.78990537391304,0.47422229402636007
2018,13071.0,74,-83.768671,31.180954999999997,10,115,ClusterState,cluster74,30.84758061739131,-83.78990537391304,0.33404996275288446
1961,13205.0,74,-84.172094,31.216853000000004,31,115,ClusterState,cluster74,30.84758061739131,-83.78990537391304,0.5314416604555378
2079,13019.0,75,-83.252459,31.238588,0,114,ClusterState,cluster75,31.789137719298243,-83.83429049122807,0.8010198983820915
2118,13003.0,75,-82.886363,31.317301,1,114,ClusterState,cluster75,31.789137719298243,-83.83429049122807,1.0588656280681101
2045,13277.0,75,-83.515048,31.454362,6,114,ClusterState,cluster75,31.789137719298243,-83.83429049122807,0.46259112663038343
2123,13069.0,75,-82.84066700000001,31.516,9,114,ClusterState,cluster75,31.789137719298243,-83.83429049122807,1.0304813710221514
2003,13321.0,75,-83.861186,31.535712,13,114,ClusterState,cluster75,31.789137719298243,-83.83429049122807,0.2548489034583677
2076,13155.0,75,-83.280834,31.604646999999996,1,114,ClusterState,cluster75,31.789137719298243,-83.83429049122807,0.5833960174612759
1960,13177.0,75,-84.173396,31.681194,22,114,ClusterState,cluster75,31.789137719298243,-83.83429049122807,0.3558713146846789
2033,13287.0,75,-83.636891,31.700824,12,114,ClusterState,cluster75,31.789137719298243,-83.83429049122807,0.21625418412920716
2081,13017.0,75,-83.248636,31.727638,0,114,ClusterState,cluster75,31.789137719298243,-83.83429049122807,0.5888746883415621
2017,13081.0,75,-83.77779100000001,31.947962,6,114,ClusterState,cluster75,31.789137719298243,-83.83429049122807,0.16857444838842328
2063,13315.0,75,-83.40565699999999,31.975167,12,114,ClusterState,cluster75,31.789137719298243,-83.83429049122807,0.4672617714737517
2117,13271.0,75,-82.892471,32.01562,0,114,ClusterState,cluster75,31.789137719298243,-83.83429049122807,0.9686682494688144
1951,13261.0,75,-84.221818,32.059981,32,114,ClusterState,cluster75,31.789137719298243,-83.83429049122807,0.47279345676126416
2014,13093.0,76,-83.784195,32.16758,12,97,ClusterState,cluster76,32.71774926804123,-83.8226353814433,0.5515105496928688
2091,13091.0,76,-83.175591,32.212815,1,97,ClusterState,cluster76,32.71774926804123,-83.8226353814433,0.8207466397126999
1940,13249.0,76,-84.306781,32.241549,1,97,ClusterState,cluster76,32.71774926804123,-83.8226353814433,0.6790903292274061
2051,13235.0,76,-83.48034200000001,32.275344,1,97,ClusterState,cluster76,32.71774926804123,-83.8226353814433,0.5593631916478985
1979,13193.0,76,-84.038814,32.325041999999996,4,97,ClusterState,cluster76,32.71774926804123,-83.8226353814433,0.4482769160836773
2072,13023.0,76,-83.33214,32.401368,0,97,ClusterState,cluster76,32.71774926804123,-83.8226353814433,0.5836804142547503
2116,13175.0,76,-82.92613100000001,32.516487,1,97,ClusterState,cluster76,32.71774926804123,-83.8226353814433,0.9188180486277591
1952,13269.0,76,-84.21508299999999,32.560542,2,97,ClusterState,cluster76,32.71774926804123,-83.8226353814433,0.4227638329325291
2030,13153.0,76,-83.66335699999999,32.571603,15,97,ClusterState,cluster76,32.71774926804123,-83.8226353814433,0.21616737602510835
2008,13225.0,76,-83.82958,32.584826,2,97,ClusterState,cluster76,32.71774926804123,-83.8226353814433,0.13310455632193527
2060,13289.0,76,-83.416286,32.703662,0,97,ClusterState,cluster76,32.71774926804123,-83.8226353814433,0.4065934959148053
1992,13079.0,76,-83.934002,32.707681,0,97,ClusterState,cluster76,32.71774926804123,-83.8226353814433,0.11182081089897293
2027,13021.0,76,-83.687184,32.832049,15,97,ClusterState,cluster76,32.71774926804123,-83.8226353814433,0.1772329130290001
2084,13319.0,76,-83.239491,32.8443,2,97,ClusterState,cluster76,32.71774926804123,-83.8226353814433,0.5967180719302821
1937,13293.0,76,-84.324382,32.907469,24,97,ClusterState,cluster76,32.71774926804123,-83.8226353814433,0.5364170447772737
2040,13169.0,76,-83.54514,32.962134000000006,0,97,ClusterState,cluster76,32.71774926804123,-83.8226353814433,0.36976693191377424
1996,13207.0,76,-83.906823,33.038194,4,97,ClusterState,cluster76,32.71774926804123,-83.8226353814433,0.3313191533225528
1962,13171.0,76,-84.1544,33.080020000000005,1,97,ClusterState,cluster76,32.71774926804123,-83.8226353814433,0.4912309491064375
2082,13009.0,76,-83.245659,33.084849,12,97,ClusterState,cluster76,32.71774926804123,-83.8226353814433,0.6838596039740944
2108,13141.0,77,-83.00204699999999,33.255825,3,140,ClusterState,cluster77,33.59643464285715,-84.07328787142856,1.1240871556184235
1944,13255.0,77,-84.273339,33.258051,11,140,ClusterState,cluster77,33.59643464285715,-84.07328787142856,0.39309533677720115
1990,13035.0,77,-83.97000200000001,33.296102000000005,17,140,ClusterState,cluster77,33.59643464285715,-84.07328787142856,0.317596705905952
2071,13237.0,77,-83.339663,33.317059,6,140,ClusterState,cluster77,33.59643464285715,-84.07328787142856,0.7850198735066621
2025,13159.0,77,-83.72434100000001,33.356251,0,140,ClusterState,cluster77,33.59643464285715,-84.07328787142856,0.4236178718797215
1959,13151.0,77,-84.175416,33.475842,14,140,ClusterState,cluster77,33.59643464285715,-84.07328787142856,0.15802765630349447
2093,13133.0,77,-83.166093,33.549876,5,140,ClusterState,cluster77,33.59643464285715,-84.07328787142856,0.9083888165158013
2119,13265.0,77,-82.88576,33.5688,0,140,ClusterState,cluster77,33.59643464285715,-84.07328787142856,1.1878493670939432
1997,13217.0,77,-83.896609,33.569520000000004,8,140,ClusterState,cluster77,33.59643464285715,-84.07328787142856,0.17871715533042307
2048,13211.0,77,-83.485957,33.600243,0,140,ClusterState,cluster77,33.59643464285715,-84.07328787142856,0.587343218329081
1981,13247.0,77,-84.020894,33.642043,7,140,ClusterState,cluster77,33.59643464285715,-84.07328787142856,0.06946394751626864
1947,13089.0,77,-84.248029,33.789813,69,140,ClusterState,cluster77,33.59643464285715,-84.07328787142856,0.2606331733024219
2013,13297.0,78,-83.784266,33.795381,6,110,ClusterState,cluster78,33.941946472727274,-83.9298116,0.20655497930363972
2053,13219.0,78,-83.45794599999999,33.875278,0,110,ClusterState,cluster78,33.941946472727274,-83.9298116,0.47655202204916514
2094,13221.0,78,-83.14492,33.916594,4,110,ClusterState,cluster78,33.941946472727274,-83.9298116,0.7853009433484328
2064,13059.0,78,-83.380863,33.950406,13,110,ClusterState,cluster78,33.941946472727274,-83.9298116,0.5490137785553524
1977,13135.0,78,-84.057963,33.951956,87,110,ClusterState,cluster78,33.941946472727274,-83.9298116,0.12854171291135558
2023,13013.0,79,-83.7275,33.993054,5,108,ClusterState,cluster79,35.059071046296296,-83.7832165462963,1.0674720963685491
2083,13195.0,79,-83.24068,34.104614,1,108,ClusterState,cluster79,35.059071046296296,-83.7832165462963,1.097877113930232
2120,13105.0,79,-82.87952299999999,34.126521000000004,0,108,ClusterState,cluster79,35.059071046296296,-83.7832165462963,1.2985806153122792
2037,13157.0,79,-83.584805,34.132059000000005,3,108,ClusterState,cluster79,35.059071046296296,-83.7832165462963,0.9480076348226973
1965,13117.0,79,-84.144322,34.19492,10,108,ClusterState,cluster79,35.059071046296296,-83.7832165462963,0.936565096247737
2005,13139.0,79,-83.844712,34.275205,28,108,ClusterState,cluster79,35.059071046296296,-83.7832165462963,0.7862745508805503
2046,13011.0,79,-83.506647,34.351255,0,108,ClusterState,cluster79,35.059071046296296,-83.7832165462963,0.7599304371671524
2112,13147.0,79,-82.96495300000001,34.355413,0,108,ClusterState,cluster79,35.059071046296296,-83.7832165462963,1.0792079861245045
2089,13119.0,79,-83.186079,34.377334999999995,1,108,ClusterState,cluster79,35.059071046296296,-83.7832165462963,0.9062766056875088
1972,13085.0,79,-84.104119,34.401379999999996,1,108,ClusterState,cluster79,35.059071046296296,-83.7832165462963,0.731803181990468
1987,13187.0,79,-83.986879,34.524951,1,108,ClusterState,cluster79,35.059071046296296,-83.7832165462963,0.5716315412082923
2075,13257.0,79,-83.28868100000001,34.556903999999996,1,108,ClusterState,cluster79,35.059071046296296,-83.7832165462963,0.704795820742803
2041,13137.0,79,-83.54162600000001,34.56516,16,108,ClusterState,cluster79,35.059071046296296,-83.7832165462963,0.5498309864978917
2021,13311.0,79,-83.744309,34.601048,1,108,ClusterState,cluster79,35.059071046296296,-83.7832165462963,0.4596726096879592
2107,45073.0,79,-83.005464,34.707761,0,108,ClusterState,cluster79,35.059071046296296,-83.7832165462963,0.8534153571966484
1983,13291.0,79,-84.002286,34.874243,1,108,ClusterState,cluster79,35.059071046296296,-83.7832165462963,0.2866231537118759
2062,13241.0,79,-83.407223,34.87903,1,108,ClusterState,cluster79,35.059071046296296,-83.7832165462963,0.41687639080179734
1939,13111.0,79,-84.313402,34.901383,1,108,ClusterState,cluster79,35.059071046296296,-83.7832165462963,0.5531384413180251
2015,13281.0,79,-83.782961,34.938691999999996,1,108,ClusterState,cluster79,35.059071046296296,-83.7832165462963,0.12037931753883752
2010,37043.0,79,-83.807512,35.035247999999996,0,108,ClusterState,cluster79,35.059071046296296,-83.7832165462963,0.034026557356046684
1982,37039.0,79,-84.016472,35.106484,1,108,ClusterState,cluster79,35.059071046296296,-83.7832165462963,0.23802540801650696
2065,37113.0,79,-83.380756,35.157148,1,108,ClusterState,cluster79,35.059071046296296,-83.7832165462963,0.4142385546673703
2012,37075.0,79,-83.787962,35.330969,0,108,ClusterState,cluster79,35.059071046296296,-83.7832165462963,0.27193936191569834
2086,37099.0,79,-83.202489,35.335275,1,108,ClusterState,cluster79,35.059071046296296,-83.7832165462963,0.643065398749523
2061,37173.0,79,-83.413457,35.438412,0,108,ClusterState,cluster79,35.059071046296296,-83.7832165462963,0.5297373700562259
1934,47123.0,79,-84.35387800000001,35.517148999999996,1,108,ClusterState,cluster79,35.059071046296296,-83.7832165462963,0.7317717584141912
2115,37087.0,79,-82.939915,35.517983,0,108,ClusterState,cluster79,35.059071046296296,-83.7832165462963,0.9600821210906318
1989,47009.0,79,-83.973022,35.752926,3,108,ClusterState,cluster79,35.059071046296296,-83.7832165462963,0.7193474869872273
1943,47105.0,79,-84.286322,35.759679,0,108,ClusterState,cluster79,35.059071046296296,-83.7832165462963,0.8625349861537742
2039,47155.0,79,-83.58094399999999,35.861562,2,108,ClusterState,cluster79,35.059071046296296,-83.7832165462963,0.8275904263350765
2092,47029.0,79,-83.174767,35.947227000000005,0,108,ClusterState,cluster79,35.059071046296296,-83.7832165462963,1.0765834145515698
1988,47093.0,79,-83.985913,35.973839,5,108,ClusterState,cluster79,35.059071046296296,-83.7832165462963,0.9369558481952671
2054,47089.0,79,-83.45352199999999,36.067034,0,108,ClusterState,cluster79,35.059071046296296,-83.7832165462963,1.0605129937424735
1958,47001.0,79,-84.180288,36.082029,1,108,ClusterState,cluster79,35.059071046296296,-83.7832165462963,1.0973188754377818
2124,47059.0,79,-82.83345600000001,36.177294,2,108,ClusterState,cluster79,35.059071046296296,-83.7832165462963,1.4671290568627118
2074,47063.0,79,-83.296406,36.215973,2,108,ClusterState,cluster79,35.059071046296296,-83.7832165462963,1.2551520379893197
2009,47173.0,79,-83.816526,36.243266999999996,0,108,ClusterState,cluster79,35.059071046296296,-83.7832165462963,1.1846643307174627
2050,47057.0,79,-83.483361,36.269199,0,108,ClusterState,cluster79,35.059071046296296,-83.7832165462963,1.2467249147184665
1967,47013.0,79,-84.125923,36.383124,1,108,ClusterState,cluster79,35.059071046296296,-83.7832165462963,1.3676856135902262
2122,47073.0,79,-82.873902,36.462944,2,108,ClusterState,cluster79,35.059071046296296,-83.7832165462963,1.6726363066269996
2032,47025.0,79,-83.64175,36.491597999999996,0,108,ClusterState,cluster79,35.059071046296296,-83.7832165462963,1.4394951395571318
2096,51105.0,79,-83.103165,36.715746,0,108,ClusterState,cluster79,35.059071046296296,-83.7832165462963,1.7908216013464784
1966,21235.0,79,-84.14099499999999,36.809692,0,108,ClusterState,cluster79,35.059071046296296,-83.7832165462963,1.786806969283773
2085,21095.0,79,-83.232825,36.865625,0,108,ClusterState,cluster79,35.059071046296296,-83.7832165462963,1.8885359519683278
1995,21121.0,79,-83.915231,36.901584,0,108,ClusterState,cluster79,35.059071046296296,-83.7832165462963,1.8472362600795367
2001,21197.0,80,-83.88113,37.852292999999996,0,99,ClusterState,cluster80,39.71374649494949,-83.81331246464646,1.8626884688431167
2078,21175.0,80,-83.266566,37.91274,0,99,ClusterState,cluster80,39.71374649494949,-83.81331246464646,1.8821679232878379
2035,21165.0,80,-83.598399,37.939448999999996,0,99,ClusterState,cluster80,39.71374649494949,-83.81331246464646,1.7872659001587852
1957,21049.0,80,-84.182232,37.986825,0,99,ClusterState,cluster80,39.71374649494949,-83.81331246464646,1.7658877295241742
1994,21173.0,80,-83.917436,38.035773,0,99,ClusterState,cluster80,39.71374649494949,-83.81331246464646,1.6812009874989748
2022,21011.0,80,-83.73656,38.139441,1,99,ClusterState,cluster80,39.71374649494949,-83.81331246464646,1.5761753494638442
2056,21205.0,80,-83.442318,38.194615999999996,0,99,ClusterState,cluster80,39.71374649494949,-83.81331246464646,1.563775672366022
1948,21017.0,80,-84.246611,38.202978,1,99,ClusterState,cluster80,39.71374649494949,-83.81331246464646,1.5716771507124063
2104,21043.0,80,-83.03815999999999,38.313503000000004,0,99,ClusterState,cluster80,39.71374649494949,-83.81331246464646,1.6004821737825894
1980,21181.0,80,-84.023779,38.327655,0,99,ClusterState,cluster80,39.71374649494949,-83.81331246464646,1.4019792419558277
2026,21069.0,80,-83.708286,38.388567,0,99,ClusterState,cluster80,39.71374649494949,-83.81331246464646,1.3293348908799143
1938,21097.0,80,-84.314823,38.415966,0,99,ClusterState,cluster80,39.71374649494949,-83.81331246464646,1.3913112628531223
2126,21089.0,80,-82.812206,38.555431,0,99,ClusterState,cluster80,39.71374649494949,-83.81331246464646,1.5309829977491611
2070,21135.0,80,-83.347091,38.562531,0,99,ClusterState,cluster80,39.71374649494949,-83.81331246464646,1.2420384736025216
2011,21161.0,80,-83.788535,38.616398,0,99,ClusterState,cluster80,39.71374649494949,-83.81331246464646,1.0976281893802766
1976,21023.0,80,-84.070088,38.702562,0,99,ClusterState,cluster80,39.71374649494949,-83.81331246464646,1.0432774119966133
1933,21191.0,80,-84.359742,38.715798,0,99,ClusterState,cluster80,39.71374649494949,-83.81331246464646,1.1377549980899393
2113,39145.0,80,-82.945444,38.781628999999995,0,99,ClusterState,cluster80,39.71374649494949,-83.81331246464646,1.273592829878816
2044,39001.0,80,-83.517043,38.848346,0,99,ClusterState,cluster80,39.71374649494949,-83.81331246464646,0.9147095781398166
1998,39015.0,80,-83.892944,38.948158,1,99,ClusterState,cluster80,39.71374649494949,-83.81331246464646,0.7697187311101298
2103,39131.0,80,-83.038173,39.083994,0,99,ClusterState,cluster80,39.71374649494949,-83.81331246464646,0.9987138702088341
1954,39025.0,80,-84.212568,39.103441,3,99,ClusterState,cluster80,39.71374649494949,-83.81331246464646,0.729299513009568
2038,39071.0,80,-83.581988,39.220062,1,99,ClusterState,cluster80,39.71374649494949,-83.81331246464646,0.5451929828028848
2105,39141.0,80,-83.022104,39.340682,1,99,ClusterState,cluster80,39.71374649494949,-83.81331246464646,0.8747502225893541
2006,39027.0,80,-83.842336,39.410548999999996,0,99,ClusterState,cluster80,39.71374649494949,-83.81331246464646,0.3045834640095663
1949,39165.0,80,-84.24512800000001,39.424293,13,99,ClusterState,cluster80,39.71374649494949,-83.81331246464646,0.5198538085954053
2055,39047.0,80,-83.44380799999999,39.549717,0,99,ClusterState,cluster80,39.71374649494949,-83.81331246464646,0.40427617368212204
2110,39129.0,80,-82.993084,39.666509000000005,23,99,ClusterState,cluster80,39.71374649494949,-83.81331246464646,0.8215875578082928
1984,39057.0,80,-83.996686,39.726403999999995,5,99,ClusterState,cluster80,39.71374649494949,-83.81331246464646,0.18380986345177214
1955,39113.0,80,-84.207549,39.746151,10,99,ClusterState,cluster80,39.71374649494949,-83.81331246464646,0.3955660472729341
2066,39097.0,80,-83.379953,39.924376,3,99,ClusterState,cluster80,39.71374649494949,-83.81331246464646,0.48183525607461325
2007,39023.0,80,-83.832287,39.927147,3,99,ClusterState,cluster80,39.71374649494949,-83.81331246464646,0.21424240604440223
1950,39109.0,80,-84.234863,40.046907,28,99,ClusterState,cluster80,39.71374649494949,-83.81331246464646,0.5373088273817681
2019,39021.0,80,-83.76028000000001,40.120684000000004,1,99,ClusterState,cluster80,39.71374649494949,-83.81331246464646,0.410378575614291
2106,39041.0,80,-83.013223,40.216351,4,99,ClusterState,cluster80,39.71374649494949,-83.81331246464646,0.9448568356821752
2069,39159.0,81,-83.35011300000001,40.252214,0,102,ClusterState,cluster81,41.00639659803921,-83.72161907843139,0.8407188337944096
1956,39149.0,81,-84.192139,40.318869,1,102,ClusterState,cluster81,41.00639659803921,-83.72161907843139,0.8331165552661262
2016,39091.0,81,-83.779471,40.383676,0,102,ClusterState,cluster81,41.00639659803921,-83.72161907843139,0.6254021010929612
2129,39117.0,81,-82.795365,40.518848,1,102,ClusterState,cluster81,41.00639659803921,-83.72161907843139,1.0467331337359935
1946,39011.0,81,-84.269481,40.545245,3,102,ClusterState,cluster81,41.00639659803921,-83.72161907843139,0.7161099646555453
2095,39101.0,81,-83.12915600000001,40.58206,13,102,ClusterState,cluster81,41.00639659803921,-83.72161907843139,0.7287482746050776
2029,39065.0,81,-83.67575500000001,40.689386,0,102,ClusterState,cluster81,41.00639659803921,-83.72161907843139,0.32031115022667844
1970,39003.0,81,-84.121928,40.757675,29,102,ClusterState,cluster81,41.00639659803921,-83.72161907843139,0.4712851217878635
2121,39033.0,81,-82.874776,40.797377000000004,1,102,ClusterState,cluster81,41.00639659803921,-83.72161907843139,0.8722570675274727
2073,39175.0,81,-83.298153,40.865953000000005,2,102,ClusterState,cluster81,41.00639659803921,-83.72161907843139,0.4461478721368701
1971,39137.0,81,-84.11802,41.0083,13,102,ClusterState,cluster81,41.00639659803921,-83.72161907843139,0.3964054913336472
2031,39063.0,81,-83.641951,41.039056,1,102,ClusterState,cluster81,41.00639659803921,-83.72161907843139,0.08610249274780299
2087,39147.0,81,-83.20132199999999,41.127601,1,102,ClusterState,cluster81,41.00639659803921,-83.72161907843139,0.5342280008375828
2097,39143.0,81,-83.101952,41.341058000000004,7,102,ClusterState,cluster81,41.00639659803921,-83.72161907843139,0.7042624099396898
1975,39069.0,81,-84.076961,41.358702,0,102,ClusterState,cluster81,41.00639659803921,-83.72161907843139,0.5003868278390491
2034,39173.0,81,-83.601066,41.44828,30,102,ClusterState,cluster81,41.00639659803921,-83.72161907843139,0.4580327342534835
2099,39123.0,82,-83.081463,41.531718,2,101,ClusterState,cluster82,42.1795067029703,-83.68256555445546,0.8837162919562098
1973,39051.0,82,-84.094751,41.5785,0,101,ClusterState,cluster82,42.1795067029703,-83.68256555445546,0.7287701273611467
2049,26115.0,82,-83.485782,41.900249,16,101,ClusterState,cluster82,42.1795067029703,-83.68256555445546,0.34162645092611627
1978,26091.0,82,-84.052388,41.925187,2,101,ClusterState,cluster82,42.1795067029703,-83.68256555445546,0.44882864497203956
2024,26161.0,82,-83.727147,42.256943,81,101,ClusterState,cluster82,42.1795067029703,-83.68256555445546,0.08935259025071589
2004,26093.0,83,-83.857596,42.573054,22,210,ClusterState,cluster83,43.366004790476204,-83.78119603809523,0.7966228155757832
1963,26155.0,83,-84.147237,42.942805,17,210,ClusterState,cluster83,43.366004790476204,-83.78119603809523,0.5595391393381469
2080,26087.0,83,-83.250561,43.059695,29,210,ClusterState,cluster83,43.366004790476204,-83.78119603809523,0.6126983200531073
2130,26151.0,83,-82.779371,43.364275,5,210,ClusterState,cluster83,43.366004790476204,-83.78119603809523,1.0018265314562238
1985,26145.0,83,-83.993736,43.3982,83,210,ClusterState,cluster83,43.366004790476204,-83.78119603809523,0.21496457131992963
2057,26157.0,83,-83.43571800000001,43.429727,17,210,ClusterState,cluster83,43.366004790476204,-83.78119603809523,0.3513055575887163
1993,26017.0,83,-83.92838499999999,43.630573999999996,9,210,ClusterState,cluster83,43.366004790476204,-83.78119603809523,0.3027564320285286
1941,26111.0,83,-84.298064,43.642775,8,210,ClusterState,cluster83,43.366004790476204,-83.78119603809523,0.5863055849328335
2100,26063.0,83,-83.06178299999999,43.833604,1,210,ClusterState,cluster83,43.366004790476204,-83.78119603809523,0.8580233913645383
2000,26011.0,83,-83.88273000000001,44.044496,1,210,ClusterState,cluster83,43.366004790476204,-83.78119603809523,0.6860462570564377
1968,26129.0,83,-84.123289,44.287569,0,210,ClusterState,cluster83,43.366004790476204,-83.78119603809523,0.9830097592903096
2043,26069.0,83,-83.53696,44.356582,8,210,ClusterState,cluster83,43.366004790476204,-83.78119603809523,1.0202423488232664
2052,26001.0,83,-83.46759399999999,44.665115,1,210,ClusterState,cluster83,43.366004790476204,-83.78119603809523,1.3364256712539049
1964,26135.0,83,-84.147141,44.696783,1,210,ClusterState,cluster83,43.366004790476204,-83.78119603809523,1.3801762054487303
1969,26119.0,83,-84.12303100000001,44.999428,0,210,ClusterState,cluster83,43.366004790476204,-83.78119603809523,1.6688087136012526
2047,26007.0,83,-83.504463,45.050953,8,210,ClusterState,cluster83,43.366004790476204,-83.78119603809523,1.707522076914633
2002,26141.0,83,-83.87362900000001,45.356834,0,210,ClusterState,cluster83,43.366004790476204,-83.78119603809523,1.992973856812886
2254,12021.0,84,-81.699625,26.199831,27,125,ClusterState,cluster84,26.594224687999997,-81.893019624,0.4392583086594303
2240,12071.0,84,-81.858144,26.574991999999998,65,125,ClusterState,cluster84,26.594224687999997,-81.893019624,0.039827194692763294
2207,12015.0,84,-82.119946,26.954793,33,125,ClusterState,cluster84,26.594224687999997,-81.893019624,0.42603413917551414
2239,12027.0,85,-81.864094,27.189369,5,144,ClusterState,cluster85,27.359721152777773,-82.40589000694445,0.5679460969995079
2177,12115.0,85,-82.423893,27.208205,57,144,ClusterState,cluster85,27.359721152777773,-82.40589000694445,0.15258195277140796
2280,12055.0,85,-81.442555,27.460415,8,144,ClusterState,cluster85,27.359721152777773,-82.40589000694445,0.9685832883511217
2162,12081.0,85,-82.532775,27.477054,74,144,ClusterState,cluster85,27.359721152777773,-82.40589000694445,0.1728201333756642
2243,12049.0,86,-81.815432,27.548312,0,97,ClusterState,cluster86,27.92906405154639,-82.60315706185567,0.87491879499317
2137,12103.0,86,-82.727651,27.899794,60,97,ClusterState,cluster86,27.92906405154639,-82.60315706185567,0.12788853174625012
2181,12057.0,86,-82.401275,27.976529,37,97,ClusterState,cluster86,27.92906405154639,-82.60315706185567,0.20738680823716923
2244,12105.0,87,-81.799975,28.03114,33,104,ClusterState,cluster87,28.335584115384613,-81.659752125,0.33518453733068665
2164,12101.0,87,-82.51608,28.261606,9,104,ClusterState,cluster87,28.335584115384613,-81.659752125,0.8595174175418923
2286,12097.0,87,-81.383484,28.266765000000003,12,104,ClusterState,cluster87,28.335584115384613,-81.659752125,0.2847106382510788
2167,12053.0,87,-82.496961,28.50485,5,104,ClusterState,cluster87,28.335584115384613,-81.659752125,0.8541484883048137
2285,12095.0,87,-81.384377,28.532854999999998,34,104,ClusterState,cluster87,28.335584115384613,-81.659752125,0.3387436514323187
2291,12117.0,87,-81.310445,28.697834000000004,11,104,ClusterState,cluster87,28.335584115384613,-81.659752125,0.5032300134924652
2249,12069.0,88,-81.752026,28.735689,14,112,ClusterState,cluster88,29.616713991071432,-81.89748067857144,0.8929513415694812
2218,12119.0,88,-82.03546899999999,28.825768,14,112,ClusterState,cluster88,29.616713991071432,-81.89748067857144,0.8028924819940954
2173,12017.0,88,-82.453512,28.863598,11,112,ClusterState,cluster88,29.616713991071432,-81.89748067857144,0.9361380915319595
2206,12083.0,88,-82.123367,29.140116,5,112,ClusterState,cluster88,29.616713991071432,-81.89748067857144,0.5274185010993194
2143,12075.0,88,-82.666319,29.379995,0,112,ClusterState,cluster88,29.616713991071432,-81.89748067857144,0.8044552475004207
2251,12107.0,88,-81.720431,29.609299,4,112,ClusterState,cluster88,29.616713991071432,-81.89748067857144,0.17720488360888398
2184,12001.0,88,-82.386845,29.665903000000004,5,112,ClusterState,cluster88,29.616713991071432,-81.89748067857144,0.49183025291923993
2205,12007.0,88,-82.128192,29.953428999999996,2,112,ClusterState,cluster88,29.616713991071432,-81.89748067857144,0.4081724036152794
2281,12109.0,88,-81.421504,29.977088000000002,4,112,ClusterState,cluster88,29.616713991071432,-81.89748067857144,0.5970119134951587
2187,12125.0,88,-82.35691899999999,30.010768,0,112,ClusterState,cluster88,29.616713991071432,-81.89748067857144,0.6052785583099394
2245,12019.0,88,-81.79941,30.084386,19,112,ClusterState,cluster88,29.616713991071432,-81.89748067857144,0.47784408119254257
2145,12023.0,88,-82.660566,30.126051,2,112,ClusterState,cluster88,29.616713991071432,-81.89748067857144,0.9174548470873282
2199,12003.0,88,-82.185477,30.288432,3,112,ClusterState,cluster88,29.616713991071432,-81.89748067857144,0.7308535863463664
2264,12031.0,88,-81.622853,30.300302000000002,29,112,ClusterState,cluster88,29.616713991071432,-81.89748067857144,0.7366905237536737
2220,13049.0,89,-82.023033,30.780002000000003,0,101,ClusterState,cluster89,32.73173194059406,-82.12909285148515,1.954609539807972
2261,13039.0,89,-81.635079,30.814165000000003,1,101,ClusterState,cluster89,32.73173194059406,-82.12909285148515,1.9801799557410034
2135,13065.0,89,-82.740932,31.017888,0,101,ClusterState,cluster89,32.73173194059406,-82.12909285148515,1.8197824585280375
2277,13127.0,89,-81.486488,31.202697999999998,1,101,ClusterState,cluster89,32.73173194059406,-82.12909285148515,1.6585794483957856
2228,13025.0,89,-81.96996999999999,31.216648,2,101,ClusterState,cluster89,32.73173194059406,-82.12909285148515,1.52341702396645
2185,13299.0,89,-82.383943,31.22682,12,101,ClusterState,cluster89,32.73173194059406,-82.12909285148515,1.5263382807034023
2196,13229.0,89,-82.240429,31.314668,3,101,ClusterState,cluster89,32.73173194059406,-82.12909285148515,1.4214309514352366
2282,13191.0,89,-81.407579,31.47526,0,101,ClusterState,cluster89,32.73173194059406,-82.12909285148515,1.448897503409109
2171,13005.0,89,-82.466071,31.547221,1,101,ClusterState,cluster89,32.73173194059406,-82.12909285148515,1.2315114457298055
2232,13305.0,89,-81.919105,31.611857,0,101,ClusterState,cluster89,32.73173194059406,-82.12909285148515,1.1393922855372935
2188,13001.0,89,-82.338473,31.77388,10,101,ClusterState,cluster89,32.73173194059406,-82.12909285148515,0.9804694725956055
2250,13183.0,89,-81.733663,31.778807,0,101,ClusterState,cluster89,32.73173194059406,-82.12909285148515,1.031712513179789
2265,13179.0,89,-81.578482,31.827765999999997,0,101,ClusterState,cluster89,32.73173194059406,-82.12909285148515,1.0584548793063036
2154,13161.0,89,-82.600696,31.848776,1,101,ClusterState,cluster89,32.73173194059406,-82.12909285148515,1.0010098514597414
2287,13029.0,89,-81.37595400000001,31.979537,4,101,ClusterState,cluster89,32.73173194059406,-82.12909285148515,1.0644319415874677
2216,13267.0,89,-82.052217,32.043908,0,101,ClusterState,cluster89,32.73173194059406,-82.12909285148515,0.6921066896049376
2133,13309.0,89,-82.751307,32.146558,0,101,ClusterState,cluster89,32.73173194059406,-82.12909285148515,0.8541539599875609
2161,13209.0,89,-82.533261,32.167319,0,101,ClusterState,cluster89,32.73173194059406,-82.12909285148515,0.6942001583001471
2233,13109.0,89,-81.90736700000001,32.169649,0,101,ClusterState,cluster89,32.73173194059406,-82.12909285148515,0.6042347104591713
2186,13279.0,89,-82.36702199999999,32.183935999999996,3,101,ClusterState,cluster89,32.73173194059406,-82.12909285148515,0.5972358598111223
2292,13103.0,89,-81.299511,32.291745,1,101,ClusterState,cluster89,32.73173194059406,-82.12909285148515,0.9390391664924663
2156,13283.0,89,-82.589718,32.387046999999995,0,101,ClusterState,cluster89,32.73173194059406,-82.12909285148515,0.5753114249836009
2213,13043.0,89,-82.06230500000001,32.399861,0,101,ClusterState,cluster89,32.73173194059406,-82.12909285148515,0.33852464949658634
2247,13031.0,89,-81.76241999999999,32.417702,2,101,ClusterState,cluster89,32.73173194059406,-82.12909285148515,0.4827668004386483
2191,13107.0,89,-82.307952,32.58586,1,101,ClusterState,cluster89,32.73173194059406,-82.12909285148515,0.23080125229325218
2140,13167.0,89,-82.679535,32.701199,2,101,ClusterState,cluster89,32.73173194059406,-82.12909285148515,0.5512883268517129
2262,13251.0,89,-81.627328,32.722842,1,101,ClusterState,cluster89,32.73173194059406,-82.12909285148515,0.501843598374712
2229,13165.0,89,-81.950133,32.794618,1,101,ClusterState,cluster89,32.73173194059406,-82.12909285148515,0.18968733460934642
2131,13303.0,89,-82.77340600000001,32.962029,1,101,ClusterState,cluster89,32.73173194059406,-82.12909285148515,0.6842340015814388
2293,45005.0,89,-81.29220699999999,32.994406,3,101,ClusterState,cluster89,32.73173194059406,-82.12909285148515,0.8771405759060756
2180,13163.0,89,-82.407657,33.063551000000004,1,101,ClusterState,cluster89,32.73173194059406,-82.12909285148515,0.43324574207122557
2224,13033.0,89,-81.998447,33.101987,4,101,ClusterState,cluster89,32.73173194059406,-82.12909285148515,0.39262851084196465
2152,13125.0,89,-82.609847,33.235927000000004,0,101,ClusterState,cluster89,32.73173194059406,-82.12909285148515,0.6966614739194352
2288,45011.0,89,-81.35449,33.29489,0,101,ClusterState,cluster89,32.73173194059406,-82.12909285148515,0.9576829211188859
2144,13301.0,89,-82.66284399999999,33.407596000000005,0,101,ClusterState,cluster89,32.73173194059406,-82.12909285148515,0.8612099136317422
2217,13245.0,89,-82.049444,33.426859,16,101,ClusterState,cluster89,32.73173194059406,-82.12909285148515,0.6996753306078868
2170,13189.0,89,-82.46986600000001,33.459617,4,101,ClusterState,cluster89,32.73173194059406,-82.12909285148515,0.8037057909802069
2202,13073.0,89,-82.165654,33.516220000000004,5,101,ClusterState,cluster89,32.73173194059406,-82.12909285148515,0.7853395653672556
2246,45003.0,89,-81.769514,33.535416999999995,6,101,ClusterState,cluster89,32.73173194059406,-82.12909285148515,0.8804581904597769
2231,45037.0,89,-81.920292,33.722044,2,101,ClusterState,cluster89,32.73173194059406,-82.12909285148515,1.0120848633319999
2132,13317.0,89,-82.753524,33.755364,0,101,ClusterState,cluster89,32.73173194059406,-82.12909285148515,1.1990566509882736
2174,13181.0,89,-82.44638,33.781126,0,101,ClusterState,cluster89,32.73173194059406,-82.12909285148515,1.0963115554116742
2192,45065.0,89,-82.29365899999999,33.883028,1,101,ClusterState,cluster89,32.73173194059406,-82.12909285148515,1.1629981228018647
2253,45081.0,89,-81.706529,33.995666,0,101,ClusterState,cluster89,32.73173194059406,-82.12909285148515,1.332700084455743
2204,45047.0,89,-82.148595,34.204262,0,101,ClusterState,cluster89,32.73173194059406,-82.12909285148515,1.472659196708715
2178,45001.0,89,-82.422325,34.238459000000006,0,101,ClusterState,cluster89,32.73173194059406,-82.12909285148515,1.5349956105698557
2266,45071.0,89,-81.575787,34.268079,1,101,ClusterState,cluster89,32.73173194059406,-82.12909285148515,1.6329450854921566
2219,45059.0,89,-82.026131,34.504773,2,101,ClusterState,cluster89,32.73173194059406,-82.12909285148515,1.776028080070974
2149,45007.0,89,-82.618277,34.557505,8,101,ClusterState,cluster89,32.73173194059406,-82.12909285148515,1.8901715254470228
2263,45087.0,90,-81.625389,34.73195,0,98,ClusterState,cluster90,35.072333224489796,-82.29633001020409,0.7523447206485576
2138,45077.0,90,-82.686452,34.809329,1,98,ClusterState,cluster90,35.072333224489796,-82.29633001020409,0.47049589692345256
2190,45045.0,90,-82.335536,34.847691,45,98,ClusterState,cluster90,35.072333224489796,-82.29633001020409,0.22803780094449824
2223,45083.0,90,-82.000163,34.962731,12,98,ClusterState,cluster90,35.072333224489796,-82.29633001020409,0.31579668387483084
2259,45021.0,90,-81.64701,35.080073,0,98,ClusterState,cluster90,35.072333224489796,-82.29633001020409,0.6493661369184505
2134,37175.0,90,-82.74550699999999,35.2102,0,98,ClusterState,cluster90,35.072333224489796,-82.29633001020409,0.4698587191397949
2200,37149.0,90,-82.17545,35.258669,0,98,ClusterState,cluster90,35.072333224489796,-82.29633001020409,0.22211032867007569
2272,37045.0,90,-81.51701700000001,35.292496,2,98,ClusterState,cluster90,35.072333224489796,-82.29633001020409,0.8098150502390637
2169,37089.0,90,-82.47235500000001,35.34095,27,98,ClusterState,cluster90,35.072333224489796,-82.29633001020409,0.32115380912913466
2234,37161.0,90,-81.89497800000001,35.348446,7,98,ClusterState,cluster90,35.072333224489796,-82.29633001020409,0.4871567518723358
2158,37021.0,90,-82.550087,35.587674,4,98,ClusterState,cluster90,35.072333224489796,-82.29633001020409,0.5744290424184205
2241,47091.0,91,-81.843103,36.450734999999995,0,97,ClusterState,cluster91,38.44451823711341,-81.94097572164948,1.9961840261452632
2183,47163.0,91,-82.394917,36.531452,1,97,ClusterState,cluster91,38.44451823711341,-81.94097572164948,1.96618542151389
2201,51520.0,91,-82.169512,36.610479,0,97,ClusterState,cluster91,38.44451823711341,-81.94097572164948,1.8482231342004785
2155,51169.0,91,-82.594258,36.684532,2,97,ClusterState,cluster91,38.44451823711341,-81.94097572164948,1.8773197090627531
2226,51191.0,91,-81.972246,36.703579,3,97,ClusterState,cluster91,38.44451823711341,-81.94097572164948,1.7412200485949894
2267,51173.0,91,-81.57423100000001,36.829257,0,97,ClusterState,cluster91,38.44451823711341,-81.94097572164948,1.6563727101648602
2211,51167.0,91,-82.090612,36.935284,0,97,ClusterState,cluster91,38.44451823711341,-81.94097572164948,1.5166341016454399
2148,51720.0,91,-82.624348,36.938169,0,97,ClusterState,cluster91,38.44451823711341,-81.94097572164948,1.6541117540753147
2153,51195.0,91,-82.609349,36.952921999999994,1,97,ClusterState,cluster91,38.44451823711341,-81.94097572164948,1.63449752945176
2268,51185.0,91,-81.566563,37.147549,0,97,ClusterState,cluster91,38.44451823711341,-81.94097572164948,1.3499311420037343
2215,51027.0,91,-82.058814,37.264125,0,97,ClusterState,cluster91,38.44451823711341,-81.94097572164948,1.1862605338068368
2256,54047.0,91,-81.658541,37.389931,0,97,ClusterState,cluster91,38.44451823711341,-81.94097572164948,1.0917525418682175
2179,21195.0,91,-82.420659,37.463505,2,97,ClusterState,cluster91,38.44451823711341,-81.94097572164948,1.0920087082623622
2136,21071.0,91,-82.73852600000001,37.552299,0,97,ClusterState,cluster91,38.44451823711341,-81.94097572164948,1.1967211929151407
2269,54109.0,91,-81.564644,37.628554,0,97,ClusterState,cluster91,38.44451823711341,-81.94097572164948,0.8985673046398485
2203,54059.0,91,-82.15745799999999,37.705418,1,97,ClusterState,cluster91,38.44451823711341,-81.94097572164948,0.7701517625383454
2163,21159.0,91,-82.51692,37.830545,0,97,ClusterState,cluster91,38.44451823711341,-81.94097572164948,0.8418283362160097
2227,54045.0,91,-81.971518,37.856637,1,97,ClusterState,cluster91,38.44451823711341,-81.94097572164948,0.5886740861604418
2248,54005.0,91,-81.752712,38.054142999999996,0,97,ClusterState,cluster91,38.44451823711341,-81.94097572164948,0.4334005706510585
2139,21127.0,91,-82.68164300000001,38.078995,0,97,ClusterState,cluster91,38.44451823711341,-81.94097572164948,0.825951120883702
2212,54043.0,91,-82.066952,38.199034999999995,0,97,ClusterState,cluster91,38.44451823711341,-81.94097572164948,0.27592035519462393
2168,54099.0,91,-82.491282,38.261889000000004,7,97,ClusterState,cluster91,38.44451823711341,-81.94097572164948,0.5798193151669079
2257,54039.0,91,-81.652953,38.361943,11,97,ClusterState,cluster91,38.44451823711341,-81.94097572164948,0.29962603019549466
2189,54011.0,91,-82.338233,38.413495000000005,0,97,ClusterState,cluster91,38.44451823711341,-81.94097572164948,0.39846679465604046
2142,21019.0,91,-82.66654799999999,38.431905,3,97,ClusterState,cluster91,38.44451823711341,-81.94097572164948,0.7256819033579602
2230,54079.0,91,-81.926568,38.475729,0,97,ClusterState,cluster91,38.44451823711341,-81.94097572164948,0.034375778727063315
2159,39087.0,91,-82.540684,38.503018,0,97,ClusterState,cluster91,38.44451823711341,-81.94097572164948,0.602554762141941
2289,54087.0,91,-81.346321,38.729490999999996,0,97,ClusterState,cluster91,38.44451823711341,-81.94097572164948,0.6594116419712595
2214,54053.0,91,-82.059748,38.826465,0,97,ClusterState,cluster91,38.44451823711341,-81.94097572164948,0.3999877295419448
2195,39053.0,91,-82.274096,38.830628999999995,1,97,ClusterState,cluster91,38.44451823711341,-81.94097572164948,0.5099516065914405
2252,54035.0,91,-81.712041,38.840404,15,97,ClusterState,cluster91,38.44451823711341,-81.94097572164948,0.4573146007214559
2151,39079.0,91,-82.610661,39.036265,0,97,ClusterState,cluster91,38.44451823711341,-81.94097572164948,0.8936680610977251
2283,54105.0,91,-81.39213199999999,39.052702000000004,0,97,ClusterState,cluster91,38.44451823711341,-81.94097572164948,0.819217260702534
2222,39105.0,91,-82.013323,39.060946,0,97,ClusterState,cluster91,38.44451823711341,-81.94097572164948,0.6206587754491991
2166,39163.0,91,-82.503644,39.240103999999995,0,97,ClusterState,cluster91,38.44451823711341,-81.94097572164948,0.9744497409152343
2271,54107.0,91,-81.530388,39.266169,2,97,ClusterState,cluster91,38.44451823711341,-81.94097572164948,0.9185272196954352
2210,39009.0,91,-82.10024,39.345128,1,97,ClusterState,cluster91,38.44451823711341,-81.94097572164948,0.9145835420371188
2274,39167.0,91,-81.512663,39.41251,17,97,ClusterState,cluster91,38.44451823711341,-81.94097572164948,1.0585177563664538
2175,39073.0,91,-82.446275,39.522194,1,97,ClusterState,cluster91,38.44451823711341,-81.94097572164948,1.19025728757053
2236,39115.0,91,-81.86614300000001,39.616690000000006,0,97,ClusterState,cluster91,38.44451823711341,-81.94097572164948,1.174558035151156
2197,39127.0,91,-82.234082,39.754135999999995,1,97,ClusterState,cluster91,38.44451823711341,-81.94097572164948,1.3420171292783736
2278,39121.0,91,-81.48516500000001,39.77163,0,97,ClusterState,cluster91,38.44451823711341,-81.94097572164948,1.4032067007973477
2141,39045.0,91,-82.666944,39.795111,2,97,ClusterState,cluster91,38.44451823711341,-81.94097572164948,1.5333397380661788
2225,39119.0,91,-81.996883,39.961284,0,97,ClusterState,cluster91,38.44451823711341,-81.94097572164948,1.5177957712543242
2270,39059.0,91,-81.541827,40.016788,0,97,ClusterState,cluster91,38.44451823711341,-81.94097572164948,1.6221442319602393
2165,39089.0,91,-82.515759,40.05271,7,97,ClusterState,cluster91,38.44451823711341,-81.94097572164948,1.7078221696908775
2237,39031.0,91,-81.86511999999999,40.290804,0,97,ClusterState,cluster91,38.44451823711341,-81.94097572164948,1.8478433939987176
2284,39151.0,92,-81.38717199999999,40.837013,67,109,ClusterState,cluster92,40.837602926605506,-81.57103297247706,0.18386191887830217
2238,39169.0,92,-81.864335,40.838544,42,109,ClusterState,cluster92,40.837602926605506,-81.57103297247706,0.29330353725825037
2194,39005.0,93,-82.285667,40.855216999999996,0,222,ClusterState,cluster93,41.41140672972974,-81.73862159009008,0.7801318452417942
2273,39153.0,93,-81.51289799999999,41.112957,78,222,ClusterState,cluster93,41.41140672972974,-81.73862159009008,0.374196980611697
2242,39103.0,93,-81.84012,41.144056,17,222,ClusterState,cluster93,41.41140672972974,-81.73862159009008,0.28596912403486524
2150,39077.0,93,-82.614391,41.175374,1,222,ClusterState,cluster93,41.41140672972974,-81.73862159009008,0.907019023415521
2294,39133.0,93,-81.273457,41.17947,46,222,ClusterState,cluster93,41.41140672972974,-81.73862159009008,0.519781437213182
2209,39093.0,93,-82.112376,41.38987,44,222,ClusterState,cluster93,41.41140672972974,-81.73862159009008,0.3743743977017728
2147,39043.0,93,-82.627891,41.405481,3,222,ClusterState,cluster93,41.41140672972974,-81.73862159009008,0.8892891530173878
2290,39085.0,93,-81.319338,41.685888,8,222,ClusterState,cluster93,41.41140672972974,-81.73862159009008,0.5011374029624968
2157,26147.0,93,-82.56438299999999,42.911355,25,222,ClusterState,cluster93,41.41140672972974,-81.73862159009008,1.7122285827491477
2301,12051.0,94,-81.20257099999999,26.705392,5,101,ClusterState,cluster94,28.445685554455444,-80.80115106930694,1.785989814202976
2304,12043.0,94,-81.185404,26.896029,1,101,ClusterState,cluster94,28.445685554455444,-80.80115106930694,1.5965856542988648
2381,12085.0,94,-80.244395,27.1443,6,101,ClusterState,cluster94,28.445685554455444,-80.80115106930694,1.415479311772312
2334,12093.0,94,-80.822153,27.272057,0,101,ClusterState,cluster94,28.445685554455444,-80.80115106930694,1.1738164528264252
2370,12111.0,94,-80.353183,27.338067,25,101,ClusterState,cluster94,28.445685554455444,-80.80115106930694,1.1947779096102158
2367,12061.0,94,-80.44058100000001,27.671827,8,101,ClusterState,cluster94,28.445685554455444,-80.80115106930694,0.8537375692704838
2351,12009.0,94,-80.690979,28.232195,9,101,ClusterState,cluster94,28.445685554455444,-80.80115106930694,0.24024175677235235
2311,12127.0,94,-81.123944,29.073725,28,101,ClusterState,cluster94,28.445685554455444,-80.80115106930694,0.7061365457652816
2297,12035.0,94,-81.224735,29.523494,4,101,ClusterState,cluster94,28.445685554455444,-80.80115106930694,1.158056298989194
2339,45013.0,95,-80.77157,32.323566,12,102,ClusterState,cluster95,33.293248225490196,-79.98509815686275,1.2485277644006647
2326,45053.0,95,-81.012491,32.427942,1,102,ClusterState,cluster95,33.293248225490196,-79.98509815686275,1.3432389653377867
2314,45049.0,95,-81.11846800000001,32.800714,0,102,ClusterState,cluster95,33.293248225490196,-79.98509815686275,1.2357658211053597
2402,45019.0,95,-79.979214,32.822801,10,102,ClusterState,cluster95,33.293248225490196,-79.98509815686275,0.4704840223359449
2355,45029.0,95,-80.655455,32.916002,4,102,ClusterState,cluster95,33.293248225490196,-79.98509815686275,0.769215842132459
2383,45035.0,95,-80.21761,33.000816,3,102,ClusterState,cluster95,33.293248225490196,-79.98509815686275,0.3736018786144251
2396,45015.0,95,-80.03285100000001,33.068108,15,102,ClusterState,cluster95,33.293248225490196,-79.98509815686275,0.23014876745589338
2319,45009.0,95,-81.074156,33.269763,0,102,ClusterState,cluster95,33.293248225490196,-79.98509815686275,1.0893110398389867
2442,45043.0,95,-79.26939899999999,33.453334000000005,3,102,ClusterState,cluster95,33.293248225490196,-79.98509815686275,0.7333844410228946
2337,45075.0,95,-80.799081,33.471515999999994,2,102,ClusterState,cluster95,33.293248225490196,-79.98509815686275,0.8332751456454723
2418,45089.0,95,-79.733271,33.654581,7,102,ClusterState,cluster95,33.293248225490196,-79.98509815686275,0.4404296661994139
2335,45017.0,95,-80.819428,33.67638,1,102,ClusterState,cluster95,33.293248225490196,-79.98509815686275,0.9180938099064108
2384,45027.0,95,-80.206489,33.691189,26,102,ClusterState,cluster95,33.293248225490196,-79.98509815686275,0.4553798035074566
2460,45051.0,95,-78.940096,33.786228,18,102,ClusterState,cluster95,33.293248225490196,-79.98509815686275,1.1554473445049496
2369,45085.0,96,-80.387303,33.929411,12,111,ClusterState,cluster96,34.03332293693694,-80.6445163963964,0.27741020515430814
2299,45063.0,96,-81.213684,33.958732,21,111,ClusterState,cluster96,34.03332293693694,-80.6445163963964,0.5740344666176405
2327,45079.0,96,-80.98649,34.060483000000005,54,111,ClusterState,cluster96,34.03332293693694,-80.6445163963964,0.34305045487103736
2416,45041.0,96,-79.760954,34.100049,20,111,ClusterState,cluster96,34.03332293693694,-80.6445163963964,0.8860783688916255
2439,45067.0,97,-79.33682900000001,34.164265,3,154,ClusterState,cluster97,34.85777784415584,-80.29635540259741,1.1839134184097415
2378,45061.0,97,-80.265139,34.181554999999996,8,154,ClusterState,cluster97,34.85777784415584,-80.29635540259741,0.6769429804269659
2356,45055.0,97,-80.645219,34.259654,12,154,ClusterState,cluster97,34.85777784415584,-80.29635540259741,0.6924290162467454
2475,37047.0,97,-78.709221,34.279270000000004,14,154,ClusterState,cluster97,34.85777784415584,-80.29635540259741,1.6892800057000863
2401,45031.0,97,-79.983805,34.326829,3,154,ClusterState,cluster97,34.85777784415584,-80.29635540259741,0.616112351178119
2320,45039.0,97,-81.073993,34.361469,4,154,ClusterState,cluster97,34.85777784415584,-80.29635540259741,0.9225197567973148
2436,45033.0,97,-79.359942,34.394709999999996,0,154,ClusterState,cluster97,34.85777784415584,-80.29635540259741,1.044653956511533
2478,37017.0,97,-78.64109,34.607845000000005,1,154,ClusterState,cluster97,34.85777784415584,-80.29635540259741,1.6740280701421302
2421,45069.0,97,-79.670645,34.635883,1,154,ClusterState,cluster97,34.85777784415584,-80.29635540259741,0.6638906760766945
2453,37155.0,97,-79.093867,34.674582,6,154,ClusterState,cluster97,34.85777784415584,-80.29635540259741,1.2163630525863742
2388,45025.0,97,-80.144685,34.682027000000005,1,154,ClusterState,cluster97,34.85777784415584,-80.29635540259741,0.23214708752330207
2312,45023.0,97,-81.119727,34.702760999999995,0,154,ClusterState,cluster97,34.85777784415584,-80.29635540259741,0.8378371019364806
2344,45057.0,97,-80.74724,34.758129,4,154,ClusterState,cluster97,34.85777784415584,-80.29635540259741,0.4617648885704638
2427,37165.0,97,-79.47868000000001,34.786334000000004,0,154,ClusterState,cluster97,34.85777784415584,-80.29635540259741,0.8207906474129606
2417,37153.0,97,-79.733496,34.943604,2,154,ClusterState,cluster97,34.85777784415584,-80.29635540259741,0.5693652923381441
2391,37007.0,97,-80.11014499999999,34.972823999999996,0,154,ClusterState,cluster97,34.85777784415584,-80.29635540259741,0.21888337536234354
2447,37093.0,97,-79.177133,34.989624,0,154,ClusterState,cluster97,34.85777784415584,-80.29635540259741,1.1269614879341767
2323,45091.0,97,-81.06181,34.991083,5,154,ClusterState,cluster97,34.85777784415584,-80.29635540259741,0.7769755499752766
2358,37179.0,97,-80.619702,35.013609,17,154,ClusterState,cluster97,34.85777784415584,-80.29635540259741,0.3589378374921767
2495,37163.0,97,-78.396164,35.033839,1,154,ClusterState,cluster97,34.85777784415584,-80.29635540259741,1.9083303951628268
2461,37051.0,97,-78.936138,35.056492999999996,9,154,ClusterState,cluster97,34.85777784415584,-80.29635540259741,1.3746559916906562
2336,37119.0,97,-80.81662,35.223469,63,154,ClusterState,cluster97,34.85777784415584,-80.29635540259741,0.6359286695637445
2428,37125.0,98,-79.44678,35.244618,9,99,ClusterState,cluster98,35.4720704949495,-79.87676662626264,0.48643924206777484
2306,37071.0,98,-81.15657399999999,35.275594,5,99,ClusterState,cluster98,35.4720704949495,-79.87676662626264,1.2948011148203993
2380,37167.0,98,-80.247474,35.321525,4,99,ClusterState,cluster98,35.4720704949495,-79.87676662626264,0.40010986365352236
2408,37123.0,98,-79.88204,35.338988,2,99,ClusterState,cluster98,35.4720704949495,-79.87676662626264,0.13318693228900935
2470,37085.0,98,-78.847096,35.359863,13,99,ClusterState,cluster98,35.4720704949495,-79.87676662626264,1.0357664411009586
2359,37025.0,98,-80.612525,35.399234,17,99,ClusterState,cluster98,35.4720704949495,-79.87676662626264,0.7393548130100905
2448,37105.0,98,-79.173135,35.459779,1,99,ClusterState,cluster98,35.4720704949495,-79.87676662626264,0.7037389759883228
2305,37109.0,98,-81.178511,35.485027,0,99,ClusterState,cluster98,35.4720704949495,-79.87676662626264,1.3018088513987012
2493,37101.0,98,-78.41195400000001,35.560263,17,99,ClusterState,cluster98,35.4720704949495,-79.87676662626264,1.4674651437105755
2363,37159.0,98,-80.521966,35.620395,25,99,ClusterState,cluster98,35.4720704949495,-79.87676662626264,0.662028995339004
2296,37035.0,98,-81.245839,35.695409000000005,1,99,ClusterState,cluster98,35.4720704949495,-79.87676662626264,1.3871695110436448
2331,37097.0,98,-80.86910300000001,35.707328000000004,5,99,ClusterState,cluster98,35.4720704949495,-79.87676662626264,1.019841934970723
2445,37037.0,99,-79.236572,35.744124,11,119,ClusterState,cluster99,35.90304826050421,-79.1225317815126,0.19560698353959818
2413,37151.0,99,-79.82798100000001,35.766292,6,119,ClusterState,cluster99,35.90304826050421,-79.1225317815126,0.7185825454682161
2476,37183.0,99,-78.673074,35.797203,23,119,ClusterState,cluster99,35.90304826050421,-79.1225317815126,0.46175265731063914
2385,37057.0,99,-80.199539,35.853743,10,119,ClusterState,cluster99,35.90304826050421,-79.1225317815126,1.0781352222181333
2364,37059.0,99,-80.52158,35.929813,2,119,ClusterState,cluster99,35.90304826050421,-79.1225317815126,1.3993042088598993
2454,37135.0,99,-79.081244,35.978596,33,119,ClusterState,cluster99,35.90304826050421,-79.1225317815126,0.08609379678674633
2464,37063.0,99,-78.9062,35.989801,34,119,ClusterState,cluster99,35.90304826050421,-79.1225317815126,0.23307826475766383
2497,37069.0,100,-78.340858,36.047826,20,106,ClusterState,cluster100,36.19377818867925,-79.18411805660377,0.8557976188583676
2412,37081.0,100,-79.850251,36.065215,38,106,ClusterState,cluster100,36.19377818867925,-79.18411805660377,0.6784258189080857
2432,37001.0,100,-79.41419300000001,36.071263,5,106,ClusterState,cluster100,36.19377818867925,-79.18411805660377,0.2606615641706636
2379,37067.0,100,-80.256625,36.106431,5,106,ClusterState,cluster100,36.19377818867925,-79.18411805660377,1.0760579329215048
2352,37197.0,100,-80.675351,36.163573,1,106,ClusterState,cluster100,36.19377818867925,-79.18411805660377,1.4915388177628386
2308,37193.0,100,-81.134214,36.193059000000005,1,106,ClusterState,cluster100,36.19377818867925,-79.18411805660377,1.9500960760133867
2477,37077.0,100,-78.657114,36.223855,6,106,ClusterState,cluster100,36.19377818867925,-79.18411805660377,0.5278616203665892
2494,37181.0,100,-78.402101,36.331178,13,106,ClusterState,cluster100,36.19377818867925,-79.18411805660377,0.7939958343531737
2377,37169.0,100,-80.273917,36.350640000000006,0,106,ClusterState,cluster100,36.19377818867925,-79.18411805660377,1.1010301380427212
2458,37145.0,100,-78.970901,36.373422,1,106,ClusterState,cluster100,36.19377818867925,-79.18411805660377,0.27880712360450877
2414,37157.0,100,-79.77260600000001,36.402246999999996,2,106,ClusterState,cluster100,36.19377818867925,-79.18411805660377,0.624321475536625
2435,37033.0,100,-79.36193100000001,36.402606,1,106,ClusterState,cluster100,36.19377818867925,-79.18411805660377,0.27427449320024794
2354,37171.0,100,-80.656971,36.431314,1,106,ClusterState,cluster100,36.19377818867925,-79.18411805660377,1.491884397173842
2316,37005.0,100,-81.105731,36.498332,0,106,ClusterState,cluster100,36.19377818867925,-79.18411805660377,1.9455974219293055
2433,51590.0,100,-79.409867,36.591119,1,106,ClusterState,cluster100,36.19377818867925,-79.18411805660377,0.4569926758554812
2313,51077.0,100,-81.1193,36.648239000000004,0,106,ClusterState,cluster100,36.19377818867925,-79.18411805660377,1.9878289119220327
2376,51141.0,100,-80.282113,36.655724,0,106,ClusterState,cluster100,36.19377818867925,-79.18411805660377,1.1912123355306894
2329,51640.0,100,-80.918362,36.665997999999995,0,106,ClusterState,cluster100,36.19377818867925,-79.18411805660377,1.797385213417072
2407,51089.0,100,-79.903132,36.690407,1,106,ClusterState,cluster100,36.19377818867925,-79.18411805660377,0.8738542367191844
2498,51117.0,100,-78.320815,36.691889,10,106,ClusterState,cluster100,36.19377818867925,-79.18411805660377,0.9966978217574436
2462,51083.0,101,-78.92710699999999,36.750029999999995,0,103,ClusterState,cluster101,38.72551073786408,-79.09968943689321,1.9830050033209752
2434,51143.0,101,-79.409643,36.772086,1,103,ClusterState,cluster101,38.72551073786408,-79.09968943689321,1.9778623353969624
2410,51067.0,101,-79.861232,37.016003999999995,0,103,ClusterState,cluster101,38.72551073786408,-79.09968943689321,1.8714594204058899
2479,51037.0,101,-78.630844,37.017568,0,103,ClusterState,cluster101,38.72551073786408,-79.09968943689321,1.7711251902443945
2449,51031.0,101,-79.165807,37.25795,0,103,ClusterState,cluster101,38.72551073786408,-79.09968943689321,1.4690493699911285
2491,51147.0,101,-78.423416,37.259322999999995,2,103,ClusterState,cluster101,38.72551073786408,-79.09968943689321,1.6146368768581842
2399,51161.0,101,-79.989575,37.271414,0,103,ClusterState,cluster101,38.72551073786408,-79.09968943689321,1.7047855109933434
2403,51770.0,101,-79.960131,37.278728,1,103,ClusterState,cluster101,38.72551073786408,-79.09968943689321,1.6833122033963657
2395,51775.0,101,-80.05573000000001,37.286115,0,103,ClusterState,cluster101,38.72551073786408,-79.09968943689321,1.7279680692902937
2426,51019.0,101,-79.497893,37.314607,1,103,ClusterState,cluster101,38.72551073786408,-79.09968943689321,1.4660202710705477
2472,51011.0,101,-78.83395300000001,37.359958,0,103,ClusterState,cluster101,38.72551073786408,-79.09968943689321,1.3911686216202468
2446,51680.0,101,-79.188942,37.394382,1,103,ClusterState,cluster101,38.72551073786408,-79.09968943689321,1.3341175873170779
2411,51023.0,101,-79.85141800000001,37.448221999999994,3,103,ClusterState,cluster101,38.72551073786408,-79.09968943689321,1.4820804136297832
2387,51045.0,101,-80.174522,37.476038,0,103,ClusterState,cluster101,38.72551073786408,-79.09968943689321,1.6481647858694954
2500,51049.0,101,-78.257306,37.483249,0,103,ClusterState,cluster101,38.72551073786408,-79.09968943689321,1.5009410648366912
2452,51009.0,101,-79.10271800000001,37.519237,0,103,ClusterState,cluster101,38.72551073786408,-79.09968943689321,1.2062775397291754
2357,54063.0,101,-80.636561,37.528463,0,103,ClusterState,cluster101,38.72551073786408,-79.09968943689321,1.9480496626656607
2489,51029.0,101,-78.48345400000001,37.582102,1,103,ClusterState,cluster101,38.72551073786408,-79.09968943689321,1.2988955521930485
2437,51530.0,101,-79.35249300000001,37.734133,0,103,ClusterState,cluster101,38.72551073786408,-79.09968943689321,1.023102859272706
2400,51580.0,101,-79.98934,37.781277,0,103,ClusterState,cluster101,38.72551073786408,-79.09968943689321,1.2973262797604075
2429,51678.0,101,-79.442982,37.784093,0,103,ClusterState,cluster101,38.72551073786408,-79.09968943689321,1.0020564560190937
2430,51163.0,101,-79.42805899999999,37.786365,0,103,ClusterState,cluster101,38.72551073786408,-79.09968943689321,0.9948976263531792
2406,51005.0,101,-79.929401,37.800534999999996,0,103,ClusterState,cluster101,38.72551073786408,-79.09968943689321,1.2425785261263385
2467,51125.0,101,-78.871691,37.810028,0,103,ClusterState,cluster101,38.72551073786408,-79.09968943689321,0.943446835043105
2365,54025.0,101,-80.493567,37.855598,0,103,ClusterState,cluster101,38.72551073786408,-79.09968943689321,1.6430589862907177
2499,51065.0,101,-78.301879,37.888175,6,103,ClusterState,cluster101,38.72551073786408,-79.09968943689321,1.1565606906341435
2488,51540.0,101,-78.49059100000001,38.033545000000004,2,103,ClusterState,cluster101,38.72551073786408,-79.09968943689321,0.9218554594965082
2485,51003.0,101,-78.516763,38.05016,4,103,ClusterState,cluster101,38.72551073786408,-79.09968943689321,0.8921333140078214
2465,51820.0,101,-78.896755,38.072013,0,103,ClusterState,cluster101,38.72551073786408,-79.09968943689321,0.6842818710667666
2456,51015.0,101,-79.03214100000001,38.128029999999995,1,103,ClusterState,cluster101,38.72551073786408,-79.09968943689321,0.6012869726223269
2455,51790.0,101,-79.077956,38.157796000000005,0,103,ClusterState,cluster101,38.72551073786408,-79.09968943689321,0.5681305887445808
2492,51079.0,101,-78.42218199999999,38.254353,1,103,ClusterState,cluster101,38.72551073786408,-79.09968943689321,0.8252308410346868
2338,54067.0,101,-80.775451,38.275855,0,103,ClusterState,cluster101,38.72551073786408,-79.09968943689321,1.7350409502314919
2397,54075.0,101,-80.02412199999999,38.286867,0,103,ClusterState,cluster101,38.72551073786408,-79.09968943689321,1.0232223084450092
2502,51113.0,101,-78.23516,38.378917,1,103,ClusterState,cluster101,38.72551073786408,-79.09968943689321,0.9314173964348648
2424,51091.0,101,-79.56879599999999,38.386074,0,103,ClusterState,cluster101,38.72551073786408,-79.09968943689321,0.5790321809378635
2468,51660.0,101,-78.868871,38.440627,21,103,ClusterState,cluster101,38.72551073786408,-79.09968943689321,0.3666550080242138
2471,51165.0,101,-78.837195,38.454851,2,103,ClusterState,cluster101,38.72551073786408,-79.09968943689321,0.37704114245071596
2486,51139.0,101,-78.500392,38.604440999999994,12,103,ClusterState,cluster101,38.72551073786408,-79.09968943689321,0.6114043664329265
2438,54071.0,101,-79.337502,38.672518,0,103,ClusterState,cluster101,38.72551073786408,-79.09968943689321,0.24364532714121614
2346,54007.0,101,-80.728585,38.691193,0,103,ClusterState,cluster101,38.72551073786408,-79.09968943689321,1.6292570278016494
2484,51171.0,101,-78.529664,38.86825,6,103,ClusterState,cluster101,38.72551073786408,-79.09968943689321,0.587625302093445
2409,54083.0,101,-79.872569,38.869406,0,103,ClusterState,cluster101,38.72551073786408,-79.09968943689321,0.7861607122804462
2333,54021.0,101,-80.827613,38.924402,0,103,ClusterState,cluster101,38.72551073786408,-79.09968943689321,1.7393325082035545
2382,54097.0,101,-80.228779,38.953837,0,103,ClusterState,cluster101,38.72551073786408,-79.09968943689321,1.1519444967087782
2366,54041.0,101,-80.471273,39.03246,0,103,ClusterState,cluster101,38.72551073786408,-79.09968943689321,1.405510341516733
2466,54031.0,101,-78.881937,39.037706,0,103,ClusterState,cluster101,38.72551073786408,-79.09968943689321,0.38063368935638603
2450,54023.0,101,-79.162438,39.061384000000004,0,103,ClusterState,cluster101,38.72551073786408,-79.09968943689321,0.3416844017361554
2398,54001.0,101,-80.004972,39.109653,1,103,ClusterState,cluster101,38.72551073786408,-79.09968943689321,0.9834133396614504
2422,54093.0,101,-79.607202,39.11173,0,103,ClusterState,cluster101,38.72551073786408,-79.09968943689321,0.6377572580190972
2371,54033.0,101,-80.343216,39.287945,1,103,ClusterState,cluster101,38.72551073786408,-79.09968943689321,1.3648042395803692
2481,54027.0,101,-78.611263,39.327538,1,103,ClusterState,cluster101,38.72551073786408,-79.09968943689321,0.7752400973963348
2394,54091.0,101,-80.064419,39.337291,0,103,ClusterState,cluster101,38.72551073786408,-79.09968943689321,1.1423564325863051
2463,54057.0,101,-78.90994599999999,39.465107,0,103,ClusterState,cluster101,38.72551073786408,-79.09968943689321,0.7635477737571409
2386,54049.0,101,-80.181612,39.486129,2,103,ClusterState,cluster101,38.72551073786408,-79.09968943689321,1.3225341482374764
2420,54077.0,101,-79.676099,39.495471,0,103,ClusterState,cluster101,38.72551073786408,-79.09968943689321,0.96181432184667
2328,54095.0,101,-80.925137,39.508846000000005,0,103,ClusterState,cluster101,38.72551073786408,-79.09968943689321,1.9864221451036255
2441,24023.0,101,-79.303138,39.512187,0,103,ClusterState,cluster101,38.72551073786408,-79.09968943689321,0.8125582189839445
2504,54065.0,101,-78.223556,39.581071,0,103,ClusterState,cluster101,38.72551073786408,-79.09968943689321,1.224578768960333
2343,54103.0,101,-80.75863299999999,39.62681,0,103,ClusterState,cluster101,38.72551073786408,-79.09968943689321,1.8879708963594108
2473,24001.0,101,-78.822261,39.629197,12,103,ClusterState,cluster101,38.72551073786408,-79.09968943689321,0.945312328265217
2404,54061.0,101,-79.95980899999999,39.636196000000005,5,103,ClusterState,cluster101,38.72551073786408,-79.09968943689321,1.2526584967622176
2390,42059.0,101,-80.117573,39.876467,1,103,ClusterState,cluster101,38.72551073786408,-79.09968943689321,1.5364853612686458
2419,42051.0,101,-79.71427,39.949668,4,103,ClusterState,cluster101,38.72551073786408,-79.09968943689321,1.3697701526127575
2457,42111.0,101,-79.01048399999999,40.031352000000005,1,103,ClusterState,cluster101,38.72551073786408,-79.09968943689321,1.3088846442173827
2490,42009.0,102,-78.477467,40.053371999999996,1,126,ClusterState,cluster102,40.55901304761905,-80.04775823015873,1.6496931279940248
2353,54069.0,102,-80.67233900000001,40.078993,1,126,ClusterState,cluster102,40.55901304761905,-80.04775823015873,0.7877311623718541
2389,42125.0,102,-80.144361,40.204057,4,126,ClusterState,cluster102,40.55901304761905,-80.04775823015873,0.3678666754169789
2360,54009.0,102,-80.58577,40.308456,0,126,ClusterState,cluster102,40.55901304761905,-80.04775823015873,0.5934943121878258
2324,39067.0,102,-81.05067199999999,40.308636,0,126,ClusterState,cluster102,40.55901304761905,-80.04775823015873,1.0336946820563757
2423,42129.0,102,-79.591786,40.339402,32,126,ClusterState,cluster102,40.55901304761905,-80.04775823015873,0.506102447052241
2350,39081.0,102,-80.69422800000001,40.365108,2,126,ClusterState,cluster102,40.55901304761905,-80.04775823015873,0.6749239444639492
2474,42021.0,102,-78.800168,40.406479,2,126,ClusterState,cluster102,40.55901304761905,-80.04775823015873,1.2568802719712713
2361,54029.0,102,-80.569498,40.479465000000005,0,126,ClusterState,cluster102,40.55901304761905,-80.04775823015873,0.5277691534317003
2496,42013.0,102,-78.3772,40.485519000000004,0,126,ClusterState,cluster102,40.55901304761905,-80.04775823015873,1.672174086447493
2315,39019.0,102,-81.114892,40.608318,1,126,ClusterState,cluster102,40.55901304761905,-80.04775823015873,1.0682721849158636
2451,42063.0,102,-79.12945500000001,40.616037,5,126,ClusterState,cluster102,40.55901304761905,-80.04775823015873,0.9200720372150748
2375,42007.0,102,-80.302592,40.684545,78,126,ClusterState,cluster102,40.55901304761905,-80.04775823015873,0.28407485161500484
2425,42005.0,103,-79.511347,40.769725,4,183,ClusterState,cluster103,41.73817394535519,-80.1023239398907,1.1345250562425464
2345,39029.0,103,-80.730264,40.777774,35,183,ClusterState,cluster103,41.73817394535519,-80.1023239398907,1.1474653694680028
2405,42019.0,103,-79.958665,40.829198999999996,6,183,ClusterState,cluster103,41.73817394535519,-80.1023239398907,0.9202572152903793
2374,42073.0,103,-80.336662,40.986592,7,183,ClusterState,cluster103,41.73817394535519,-80.1023239398907,0.7872672652915831
2487,42033.0,103,-78.495829,40.988403999999996,0,183,ClusterState,cluster103,41.73817394535519,-80.1023239398907,1.7728454424603242
2459,42065.0,103,-78.96475799999999,41.085708000000004,0,183,ClusterState,cluster103,41.73817394535519,-80.1023239398907,1.311399282235455
2431,42031.0,103,-79.42710799999999,41.183479,1,183,ClusterState,cluster103,41.73817394535519,-80.1023239398907,0.8738438349528427
2342,39155.0,103,-80.75980600000001,41.240415000000006,35,183,ClusterState,cluster103,41.73817394535519,-80.1023239398907,0.8246493964386921
2373,42085.0,103,-80.33692099999999,41.263653000000005,2,183,ClusterState,cluster103,41.73817394535519,-80.1023239398907,0.5293447914098194
2415,42121.0,103,-79.76608399999999,41.406083,0,183,ClusterState,cluster103,41.73817394535519,-80.1023239398907,0.4725904073980001
2480,42047.0,103,-78.62066800000001,41.419475,1,183,ClusterState,cluster103,41.73817394535519,-80.1023239398907,1.5155439096192052
2298,39055.0,103,-81.221561,41.489615,19,183,ClusterState,cluster103,41.73817394535519,-80.1023239398907,1.1465047518602756
2443,42053.0,103,-79.241027,41.491795,0,183,ClusterState,cluster103,41.73817394535519,-80.1023239398907,0.8958431801266374
2501,42023.0,103,-78.236901,41.502183,0,183,ClusterState,cluster103,41.73817394535519,-80.1023239398907,1.880291060171289
2392,42039.0,103,-80.101229,41.665952000000004,0,183,ClusterState,cluster103,41.73817394535519,-80.1023239398907,0.07223024494110543
2340,39007.0,103,-80.76757099999999,41.795339,18,183,ClusterState,cluster103,41.73817394535519,-80.1023239398907,0.667698655425187
2444,42123.0,103,-79.238649,41.851752000000005,1,183,ClusterState,cluster103,41.73817394535519,-80.1023239398907,0.8711110011313736
2483,42083.0,103,-78.583174,41.865308,1,183,ClusterState,cluster103,41.73817394535519,-80.1023239398907,1.5244604316676549
2393,42049.0,103,-80.071718,42.068053000000006,2,183,ClusterState,cluster103,41.73817394535519,-80.1023239398907,0.33129581079444426
2482,36009.0,103,-78.607656,42.224267,1,183,ClusterState,cluster103,41.73817394535519,-80.1023239398907,1.5717247559006617
2440,36013.0,103,-79.31467099999999,42.246256,2,183,ClusterState,cluster103,41.73817394535519,-80.1023239398907,0.9373070617308727
2469,36063.0,103,-78.852109,43.134704,33,183,ClusterState,cluster103,41.73817394535519,-80.1023239398907,1.874388857588554
2529,37129.0,104,-77.879277,34.211687,3,98,ClusterState,cluster104,35.81882630612245,-77.36645485714286,1.6869745995385832
2535,37141.0,104,-77.836015,34.469476,1,98,ClusterState,cluster104,35.81882630612245,-77.36645485714286,1.428717248580972
2562,37133.0,104,-77.400612,34.741545,2,98,ClusterState,cluster104,35.81882630612245,-77.36645485714286,1.0778226769413684
2607,37031.0,104,-76.804454,34.746773,3,98,ClusterState,cluster104,35.81882630612245,-77.36645485714286,1.2104310201731383
2525,37061.0,104,-77.943354,34.936096,3,98,ClusterState,cluster104,35.81882630612245,-77.36645485714286,1.0545261563263135
2566,37103.0,104,-77.353062,35.027454,2,98,ClusterState,cluster104,35.81882630612245,-77.36645485714286,0.7914856255927968
2588,37049.0,104,-77.038555,35.066758,4,98,ClusterState,cluster104,35.81882630612245,-77.36645485714286,0.8204419866073404
2609,37137.0,104,-76.775886,35.105356,0,98,ClusterState,cluster104,35.81882630612245,-77.36645485714286,0.926181112280684
2543,37107.0,104,-77.631874,35.262322999999995,4,98,ClusterState,cluster104,35.81882630612245,-77.36645485714286,0.6165575813500681
2519,37191.0,104,-77.98845899999999,35.370731,13,98,ClusterState,cluster104,35.81882630612245,-77.36645485714286,0.7666019547981968
2647,37095.0,104,-76.208134,35.43421,0,98,ClusterState,cluster104,35.81882630612245,-77.36645485714286,1.220506825473515
2540,37079.0,104,-77.669536,35.468776,1,98,ClusterState,cluster104,35.81882630612245,-77.36645485714286,0.46302634479261917
2596,37013.0,104,-76.956571,35.519484000000006,0,98,ClusterState,cluster104,35.81882630612245,-77.36645485714286,0.5075535366648651
2565,37147.0,104,-77.381178,35.57917,2,98,ClusterState,cluster104,35.81882630612245,-77.36645485714286,0.2401081339727002
2527,37195.0,104,-77.93132299999999,35.726988,8,98,ClusterState,cluster104,35.81882630612245,-77.36645485714286,0.5722851503283237
2582,37117.0,104,-77.100767,35.83274,1,98,ClusterState,cluster104,35.81882630612245,-77.36645485714286,0.26605192784582105
2617,37187.0,104,-76.649275,35.864206,3,98,ClusterState,cluster104,35.81882630612245,-77.36645485714286,0.7186141274062613
2541,37065.0,104,-77.656297,35.903736,7,98,ClusterState,cluster104,35.81882630612245,-77.36645485714286,0.3020233830192583
2646,37177.0,104,-76.238874,35.907144,0,98,ClusterState,cluster104,35.81882630612245,-77.36645485714286,1.131034307369531
2668,37055.0,104,-75.674875,35.907564,1,98,ClusterState,cluster104,35.81882630612245,-77.36645485714286,1.6939057799671586
2528,37127.0,104,-77.923901,35.947410999999995,3,98,ClusterState,cluster104,35.81882630612245,-77.36645485714286,0.5720841071782103
2594,37015.0,104,-76.96888299999999,36.083776,2,98,ClusterState,cluster104,35.81882630612245,-77.36645485714286,0.4777674349281584
2619,37041.0,104,-76.626254,36.116754,0,98,ClusterState,cluster104,35.81882630612245,-77.36645485714286,0.7979086537281112
2633,37143.0,104,-76.424403,36.181298999999996,2,98,ClusterState,cluster104,35.81882630612245,-77.36645485714286,1.0093800846822514
2645,37139.0,104,-76.246298,36.293502000000004,3,98,ClusterState,cluster104,35.81882630612245,-77.36645485714286,1.2165806175351892
2590,37091.0,104,-77.009973,36.351304,1,98,ClusterState,cluster104,35.81882630612245,-77.36645485714286,0.6407899881780043
2539,37083.0,104,-77.672949,36.353153000000006,1,98,ClusterState,cluster104,35.81882630612245,-77.36645485714286,0.6159899961816372
2649,37029.0,104,-76.19176,36.36267,0,98,ClusterState,cluster104,35.81882630612245,-77.36645485714286,1.294478261991388
2657,37053.0,104,-76.00904,36.391946000000004,0,98,ClusterState,cluster104,35.81882630612245,-77.36645485714286,1.473445376626653
2512,37185.0,104,-78.138543,36.409715000000006,0,98,ClusterState,cluster104,35.81882630612245,-77.36645485714286,0.9722497358667227
2557,37131.0,104,-77.434731,36.431948,7,98,ClusterState,cluster104,35.81882630612245,-77.36645485714286,0.6169115359488095
2614,37073.0,104,-76.70615699999999,36.46589,0,98,ClusterState,cluster104,35.81882630612245,-77.36645485714286,0.9244915814013219
2598,51620.0,104,-76.936518,36.678687,1,98,ClusterState,cluster104,35.81882630612245,-77.36645485714286,0.9613563928145693
2548,51595.0,104,-77.541306,36.691841,3,98,ClusterState,cluster104,35.81882630612245,-77.36645485714286,0.8903525020375651
2586,51175.0,104,-77.070645,36.714729999999996,1,98,ClusterState,cluster104,35.81882630612245,-77.36645485714286,0.9434759669892513
2549,51081.0,104,-77.537371,36.721194,7,98,ClusterState,cluster104,35.81882630612245,-77.36645485714286,0.9184115541754895
2531,51025.0,104,-77.86074,36.756799,0,98,ClusterState,cluster104,35.81882630612245,-77.36645485714286,1.0602408108110244
2643,51550.0,104,-76.282263,36.757515000000005,9,98,ClusterState,cluster104,35.81882630612245,-77.36645485714286,1.4340880193030054
2622,51800.0,105,-76.556872,36.776711,19,97,ClusterState,cluster105,37.00157157731958,-76.56806840206187,0.22513915397288575
2653,51810.0,105,-76.09944499999999,36.821554,17,97,ClusterState,cluster105,37.00157157731958,-76.56806840206187,0.5020101802793066
2638,51740.0,105,-76.35389,36.833227,8,97,ClusterState,cluster105,37.00157157731958,-76.56806840206187,0.27241931763860006
2644,51710.0,105,-76.262277,36.891356,5,97,ClusterState,cluster105,37.00157157731958,-76.56806840206187,0.32504746585514704
2616,51093.0,105,-76.655375,36.921892,3,97,ClusterState,cluster105,37.00157157731958,-76.56806840206187,0.11820015687535607
2507,51111.0,105,-78.21653,36.970055,0,97,ClusterState,cluster105,37.00157157731958,-76.56806840206187,1.6487628496914581
2573,51183.0,105,-77.210307,36.972121,1,97,ClusterState,cluster105,37.00157157731958,-76.56806840206187,0.6429134881039547
2637,51650.0,105,-76.36696500000001,37.042681,3,97,ClusterState,cluster105,37.00157157731958,-76.56806840206187,0.20526218101241156
2627,51700.0,105,-76.495942,37.089636999999996,10,97,ClusterState,cluster105,37.00157157731958,-76.56806840206187,0.11383205412479654
2602,51181.0,105,-76.86719599999999,37.118648,1,97,ClusterState,cluster105,37.00157157731958,-76.56806840206187,0.3212229888969287
2636,51735.0,105,-76.381322,37.131625,0,97,ClusterState,cluster105,37.00157157731958,-76.56806840206187,0.22757001435590266
2546,51053.0,105,-77.560538,37.135094,0,97,ClusterState,cluster105,37.00157157731958,-76.56806840206187,1.0014110745292932
2515,51135.0,105,-78.07520699999999,37.144866,0,97,ClusterState,cluster105,37.00157157731958,-76.56806840206187,1.5139352842728142
2628,51199.0,105,-76.49193000000001,37.172278999999996,2,97,ClusterState,cluster105,37.00157157731958,-76.56806840206187,0.1869173090613148
2564,51730.0,105,-77.39684799999999,37.210514,2,97,ClusterState,cluster105,37.00157157731958,-76.56806840206187,0.8547119736812169
2571,51149.0,105,-77.293227,37.215406,0,97,ClusterState,cluster105,37.00157157731958,-76.56806840206187,0.7560292008161246
2561,51570.0,105,-77.401027,37.264094,6,97,ClusterState,cluster105,37.00157157731958,-76.56806840206187,0.8733487552456081
2613,51830.0,105,-76.713075,37.275866,2,97,ClusterState,cluster105,37.00157157731958,-76.56806840206187,0.31026495734964454
2569,51670.0,105,-77.304582,37.289087,0,97,ClusterState,cluster105,37.00157157731958,-76.56806840206187,0.7906436607137678
2610,51095.0,105,-76.757657,37.294786,15,97,ClusterState,cluster105,37.00157157731958,-76.56806840206187,0.34916834641180916
2522,51007.0,105,-77.977011,37.341681,1,97,ClusterState,cluster105,37.00157157731958,-76.56806840206187,1.449411488736264
2624,51073.0,105,-76.530947,37.377825,1,97,ClusterState,cluster105,37.00157157731958,-76.56806840206187,0.37808019859517944
2580,51036.0,105,-77.102373,37.381884,1,97,ClusterState,cluster105,37.00157157731958,-76.56806840206187,0.655834538754157
2661,51131.0,106,-75.917594,37.389508,5,101,ClusterState,cluster106,37.69307658415841,-77.17686864356435,1.2953480278334748
2547,51041.0,106,-77.550555,37.418224,26,101,ClusterState,cluster106,37.69307658415841,-77.17686864356435,0.46388084246357
2639,51115.0,106,-76.342952,37.444144,0,101,ClusterState,cluster106,37.69307658415841,-77.17686864356435,0.870278346202763
2589,51127.0,106,-77.037031,37.497253,1,101,ClusterState,cluster106,37.69307658415841,-77.17686864356435,0.2406271860581762
2553,51760.0,106,-77.466976,37.535790000000006,18,101,ClusterState,cluster106,37.69307658415841,-77.17686864356435,0.3300020421365656
2530,51145.0,106,-77.872664,37.546341999999996,0,101,ClusterState,cluster106,37.69307658415841,-77.17686864356435,0.7110993012410859
2626,51119.0,106,-76.504547,37.601651000000004,0,101,ClusterState,cluster106,37.69307658415841,-77.17686864356435,0.678509417652967
2559,51085.0,106,-77.420161,37.687345,16,101,ClusterState,cluster106,37.69307658415841,-77.17686864356435,0.2433598606117579
2600,51097.0,106,-76.89237,37.699158000000004,0,101,ClusterState,cluster106,37.69307658415841,-77.17686864356435,0.28456363402338
2587,51101.0,106,-77.05673,37.702616,1,101,ClusterState,cluster106,37.69307658415841,-77.17686864356435,0.12051677946277696
2532,51075.0,106,-77.85186,37.703091,5,101,ClusterState,cluster106,37.69307658415841,-77.17686864356435,0.6750656410953628
2632,51103.0,106,-76.437123,37.70389,0,101,ClusterState,cluster106,37.69307658415841,-77.17686864356435,0.7398246732399468
2669,51001.0,106,-75.641008,37.784132,7,101,ClusterState,cluster106,37.69307658415841,-77.17686864356435,1.53855744293282
2634,51133.0,106,-76.414247,37.890865000000005,1,101,ClusterState,cluster106,37.69307658415841,-77.17686864356435,0.7878527963229608
2599,51057.0,106,-76.90549,37.911272,0,101,ClusterState,cluster106,37.69307658415841,-77.17686864356435,0.34821775899156415
2612,51159.0,106,-76.715071,37.94866,3,101,ClusterState,cluster106,37.69307658415841,-77.17686864356435,0.5278067317255829
2524,51109.0,106,-77.965373,37.979376,0,101,ClusterState,cluster106,37.69307658415841,-77.17686864356435,0.8388721449835117
2558,51033.0,106,-77.433166,38.008601,2,101,ClusterState,cluster106,37.69307658415841,-77.17686864356435,0.40650214256271583
2665,24039.0,106,-75.743445,38.132883,0,101,ClusterState,cluster106,37.69307658415841,-77.17686864356435,1.4993775459652348
2604,51193.0,106,-76.844011,38.155269,0,101,ClusterState,cluster106,37.69307658415841,-77.17686864356435,0.5695753155998725
2545,51177.0,106,-77.57123399999999,38.238928,4,101,ClusterState,cluster106,37.69307658415841,-77.17686864356435,0.673407605045324
2523,51137.0,106,-77.966785,38.267152,0,101,ClusterState,cluster106,37.69307658415841,-77.17686864356435,0.9764888290391627
2576,51099.0,106,-77.162858,38.291253999999995,4,101,ClusterState,cluster106,37.69307658415841,-77.17686864356435,0.5983414735383145
2551,51630.0,106,-77.4809,38.298644,0,101,ClusterState,cluster106,37.69307658415841,-77.17686864356435,0.6776038376700421
2620,24037.0,106,-76.578864,38.307326,8,101,ClusterState,cluster106,37.69307658415841,-77.17686864356435,0.8572700266463674
2556,51179.0,107,-77.447823,38.416536,2,122,ClusterState,cluster107,38.61434020491804,-77.13109813114754,0.3734181918879487
2518,51047.0,107,-77.997848,38.500155,5,122,ClusterState,cluster107,38.61434020491804,-77.13109813114754,0.8742388667738017
2623,24009.0,107,-76.54204200000001,38.548518,11,122,ClusterState,cluster107,38.61434020491804,-77.13109813114754,0.5927222691132562
2656,24019.0,107,-76.00975799999999,38.570623,2,122,ClusterState,cluster107,38.61434020491804,-77.13109813114754,1.122191999493779
2597,24017.0,107,-76.953006,38.578559000000006,54,122,ClusterState,cluster107,38.61434020491804,-77.13109813114754,0.18165104404340085
2560,51153.0,107,-77.409683,38.691635999999995,48,122,ClusterState,cluster107,38.61434020491804,-77.13109813114754,0.28910926842786594
2513,51157.0,108,-78.124495,38.692393,0,103,ClusterState,cluster108,38.84592934951456,-77.13484356310678,1.0014905776726288
2536,51061.0,108,-77.777194,38.696040999999994,4,103,ClusterState,cluster108,38.84592934951456,-77.13484356310678,0.659606398617463
2552,51683.0,108,-77.474795,38.753009000000006,2,103,ClusterState,cluster108,38.84592934951456,-77.13484356310678,0.3524218648149823
2654,24041.0,108,-76.09812600000001,38.769665,1,103,ClusterState,cluster108,38.84592934951456,-77.13484356310678,1.0395189063508814
2555,51685.0,108,-77.448892,38.772139,2,103,ClusterState,cluster108,38.84592934951456,-77.13484356310678,0.3226010483500534
2584,51510.0,108,-77.09255999999999,38.820052000000004,30,103,ClusterState,cluster108,38.84592934951456,-77.13484356310678,0.049573550678812174
2570,51600.0,108,-77.30259699999999,38.852046,3,103,ClusterState,cluster108,38.84592934951456,-77.13484356310678,0.16786491295873676
2663,24011.0,108,-75.831491,38.874331,0,103,ClusterState,cluster108,38.84592934951456,-77.13484356310678,1.3036619797736382
2581,51013.0,108,-77.10082,38.8749,61,103,ClusterState,cluster108,38.84592934951456,-77.13484356310678,0.044686703123307026
2575,51610.0,109,-77.173924,38.883689000000004,4,163,ClusterState,cluster109,39.26553344785276,-77.15941731288345,0.3821199109272823
2509,51187.0,109,-78.179261,38.925067999999996,1,163,ClusterState,cluster109,39.26553344785276,-77.15941731288345,1.0751734126795827
2651,24035.0,109,-76.148099,39.022436,9,163,ClusterState,cluster109,39.26553344785276,-77.15941731288345,1.040125520851184
2550,51107.0,109,-77.510676,39.047874,30,163,ClusterState,cluster109,39.26553344785276,-77.15941731288345,0.41322911382720195
2520,51043.0,109,-77.988093,39.129687,0,163,ClusterState,cluster109,39.26553344785276,-77.15941731288345,0.8397366562276015
2508,51069.0,109,-78.193089,39.168677,2,163,ClusterState,cluster109,39.26553344785276,-77.15941731288345,1.0381995608923331
2511,51840.0,109,-78.170343,39.175174,0,163,ClusterState,cluster109,39.26553344785276,-77.15941731288345,1.0149559471663454
2603,24027.0,109,-76.856729,39.219271,29,163,ClusterState,cluster109,39.26553344785276,-77.15941731288345,0.30620324759472584
2655,24029.0,109,-76.058525,39.245059999999995,13,163,ClusterState,cluster109,39.26553344785276,-77.15941731288345,1.10108267020821
2533,54037.0,109,-77.847656,39.315195,1,163,ClusterState,cluster109,39.26553344785276,-77.15941731288345,0.6900280865338662
2563,24021.0,109,-77.400231,39.432254,74,163,ClusterState,cluster109,39.26553344785276,-77.15941731288345,0.29289413515970464
2521,54003.0,110,-77.982455,39.457075,5,101,ClusterState,cluster110,39.53344684158416,-76.73722430693068,1.247570493859504
2641,24025.0,110,-76.310879,39.521376000000004,25,101,ClusterState,cluster110,39.53344684158416,-76.73722430693068,0.4265161497040524
2591,24013.0,110,-76.9931,39.527218,58,101,ClusterState,cluster110,39.53344684158416,-76.73722430693068,0.2559514969113917
2659,24015.0,110,-75.936585,39.613824,13,101,ClusterState,cluster110,39.53344684158416,-76.73722430693068,0.8046637728874482
2538,24043.0,111,-77.731386,39.617574,9,104,ClusterState,cluster111,39.679183326923074,-75.81584801923077,1.9165284931180577
2670,10003.0,111,-75.634376,39.68502,95,104,ClusterState,cluster111,39.679183326923074,-75.81584801923077,0.18156585724276186
2577,42001.0,112,-77.15864599999999,39.851863,5,99,ClusterState,cluster112,40.150538555555556,-77.01400906060606,0.3318537806378943
2542,42055.0,112,-77.656246,39.882739,12,99,ClusterState,cluster112,40.150538555555556,-77.01400906060606,0.6958339516564618
2514,42057.0,112,-78.08638499999999,39.919336,0,99,ClusterState,cluster112,40.150538555555556,-77.01400906060606,1.0970163066638738
2611,42133.0,112,-76.75083199999999,39.942113,13,99,ClusterState,cluster112,40.150538555555556,-77.01400906060606,0.33571323691194077
2583,42041.0,112,-77.099379,40.204609000000005,33,99,ClusterState,cluster112,40.150538555555556,-77.01400906060606,0.1010526571374824
2608,42043.0,112,-76.796622,40.306988,36,99,ClusterState,cluster112,40.150538555555556,-77.01400906060606,0.2678312207079597
2631,42075.0,113,-76.442891,40.341615000000004,16,101,ClusterState,cluster113,40.9747140990099,-76.26726427722772,0.6570077738648714
2578,42099.0,113,-77.15284100000001,40.410162,1,101,ClusterState,cluster113,40.9747140990099,-76.26726427722772,1.0502215025472417
2517,42061.0,113,-78.002675,40.424965,0,101,ClusterState,cluster113,40.9747140990099,-76.26726427722772,1.820405023222903
2567,42067.0,113,-77.32961800000001,40.571523,1,101,ClusterState,cluster113,40.9747140990099,-76.26726427722772,1.1362915535235438
2544,42087.0,113,-77.61598199999999,40.602421,0,101,ClusterState,cluster113,40.9747140990099,-76.26726427722772,1.3991574776594655
2648,42107.0,113,-76.19736400000001,40.713737,13,101,ClusterState,cluster113,40.9747140990099,-76.26726427722772,0.27017604439352966
2593,42109.0,113,-76.981311,40.786765,1,101,ClusterState,cluster113,40.9747140990099,-76.26726427722772,0.7383681914332897
2534,42027.0,113,-77.838248,40.841087,2,101,ClusterState,cluster113,40.9747140990099,-76.26726427722772,1.576656607763789
2667,42025.0,113,-75.70874599999999,40.871762,17,101,ClusterState,cluster113,40.9747140990099,-76.26726427722772,0.5679276368411565
2615,42097.0,113,-76.682108,40.873395,0,101,ClusterState,cluster113,40.9747140990099,-76.26726427722772,0.42703732172696346
2595,42119.0,113,-76.957803,40.97426,1,101,ClusterState,cluster113,40.9747140990099,-76.26726427722772,0.6905388720802577
2618,42093.0,113,-76.630083,40.997428,0,101,ClusterState,cluster113,40.9747140990099,-76.26726427722772,0.3635290179508271
2635,42037.0,113,-76.390955,41.037606,28,101,ClusterState,cluster113,40.9747140990099,-76.26726427722772,0.13876161612664087
2554,42035.0,113,-77.45174499999999,41.141257,0,101,ClusterState,cluster113,40.9747140990099,-76.26726427722772,1.196131732080252
2592,42081.0,113,-76.98414,41.249888,4,101,ClusterState,cluster113,40.9747140990099,-76.26726427722772,0.7678746497224501
2629,42113.0,113,-76.49082,41.470773,0,101,ClusterState,cluster113,40.9747140990099,-76.26726427722772,0.5441062345128386
2658,42131.0,113,-75.93835200000001,41.539714000000004,2,101,ClusterState,cluster113,40.9747140990099,-76.26726427722772,0.6537646168384665
2574,42117.0,113,-77.20728100000001,41.815409,2,101,ClusterState,cluster113,40.9747140990099,-76.26726427722772,1.2611103661624157
2526,42105.0,113,-77.936972,41.822324,0,101,ClusterState,cluster113,40.9747140990099,-76.26726427722772,1.8725294186585741
2664,42115.0,113,-75.770799,41.822623,13,101,ClusterState,cluster113,40.9747140990099,-76.26726427722772,0.9825615888436926
2625,42015.0,114,-76.526197,41.829722,5,158,ClusterState,cluster114,42.62668153797468,-76.46312663291138,0.7994512970616271
2606,36015.0,114,-76.813046,42.118262,5,158,ClusterState,cluster114,42.62668153797468,-76.46312663291138,0.6171985013414137
2642,36107.0,114,-76.297151,42.120979999999996,14,158,ClusterState,cluster114,42.62668153797468,-76.46312663291138,0.532242384849514
2660,36007.0,114,-75.93424499999999,42.121306,28,158,ClusterState,cluster114,42.62668153797468,-76.46312663291138,0.7315191152760292
2516,36003.0,114,-78.019297,42.228245,0,158,ClusterState,cluster114,42.62668153797468,-76.46312663291138,1.6063679174454262
2568,36101.0,114,-77.320329,42.266288,16,158,ClusterState,cluster114,42.62668153797468,-76.46312663291138,0.9298813904774293
2601,36097.0,114,-76.86912199999999,42.387815,0,158,ClusterState,cluster114,42.62668153797468,-76.46312663291138,0.4710514420542858
2630,36109.0,114,-76.477416,42.460259,2,158,ClusterState,cluster114,42.62668153797468,-76.46312663291138,0.16703486808965373
2652,36023.0,114,-76.145474,42.59613,0,158,ClusterState,cluster114,42.62668153797468,-76.46312663291138,0.31911846024345963
2585,36123.0,114,-77.078037,42.633657,3,158,ClusterState,cluster114,42.62668153797468,-76.46312663291138,0.6149499301760414
2506,36121.0,114,-78.218884,42.725753999999995,3,158,ClusterState,cluster114,42.62668153797468,-76.46312663291138,1.758550336162636
2537,36051.0,114,-77.7642,42.766358000000004,3,158,ClusterState,cluster114,42.62668153797468,-76.46312663291138,1.308549357338587
2605,36099.0,114,-76.828521,42.827354,0,158,ClusterState,cluster114,42.62668153797468,-76.46312663291138,0.41687225922983845
2572,36069.0,114,-77.260129,42.899374,7,158,ClusterState,cluster114,42.62668153797468,-76.46312663291138,0.8423621263983196
2621,36011.0,114,-76.56004399999999,42.93537,1,158,ClusterState,cluster114,42.62668153797468,-76.46312663291138,0.3235452713778133
2666,36053.0,114,-75.717386,42.984471,3,158,ClusterState,cluster114,42.62668153797468,-76.46312663291138,0.8271290048785788
2510,36037.0,114,-78.17309499999999,42.999625,3,158,ClusterState,cluster114,42.62668153797468,-76.46312663291138,1.750165318565965
2650,36067.0,114,-76.16744200000001,43.067188,64,158,ClusterState,cluster114,42.62668153797468,-76.46312663291138,0.5305425008667992
2579,36117.0,114,-77.12668199999999,43.143734,1,158,ClusterState,cluster114,42.62668153797468,-76.46312663291138,0.8412187430618375
2640,36075.0,114,-76.31314499999999,43.391821,0,158,ClusterState,cluster114,42.62668153797468,-76.46312663291138,0.7797005108111441
2662,36045.0,114,-75.89664,44.019125,0,158,ClusterState,cluster114,42.62668153797468,-76.46312663291138,1.503265079819367
2680,24047.0,115,-75.238169,38.301936,4,110,ClusterState,cluster115,38.60962296363637,-75.3765815,0.33738596258294423
2671,24045.0,115,-75.59508199999999,38.371571,15,110,ClusterState,cluster115,38.60962296363637,-75.3765815,0.323127228644346
2677,10005.0,115,-75.346649,38.662387,91,110,ClusterState,cluster115,38.60962296363637,-75.3765815,0.06066298780667599
2689,34009.0,116,-74.807133,39.095952000000004,32,142,ClusterState,cluster116,39.27138935211268,-74.89481515492957,0.19612859253408554
2673,10001.0,116,-75.558604,39.12322,38,142,ClusterState,cluster116,39.27138935211268,-74.89481515492957,0.6801248324722621
2691,34001.0,116,-74.58345200000001,39.427562,72,142,ClusterState,cluster116,39.27138935211268,-74.89481515492957,0.3483344803430046
2683,34011.0,117,-75.087728,39.428284000000005,36,135,ClusterState,cluster117,39.647179666666666,-75.15007840000001,0.22760247201118844
2675,34033.0,117,-75.37658,39.625938,18,135,ClusterState,cluster117,39.647179666666666,-75.15007840000001,0.22749545754879175
2682,34015.0,117,-75.12745600000001,39.749187,81,135,ClusterState,cluster117,39.647179666666666,-75.15007840000001,0.10448573603864705
2688,34019.0,118,-74.896782,40.572183,45,109,ClusterState,cluster118,40.84528333027523,-75.13834324770643,0.3646033828558433
2679,42089.0,118,-75.30819100000001,41.037307,64,109,ClusterState,cluster118,40.84528333027523,-75.13834324770643,0.2563617535705113
2687,42103.0,119,-74.985987,41.302232000000004,21,134,ClusterState,cluster119,41.40719892537314,-73.24017671641789,1.748963007522832
2701,36079.0,119,-73.717247,41.411282,58,134,ClusterState,cluster119,41.40719892537314,-73.24017671641789,0.47708775605282705
2726,9011.0,119,-72.09768299999999,41.443373,54,134,ClusterState,cluster119,41.40719892537314,-73.24017671641789,1.1430662516798846
2731,44009.0,120,-71.589511,41.46723,25,102,ClusterState,cluster120,41.62258914705882,-70.92214453921568,0.6852112503123656
2738,44005.0,120,-71.266661,41.548265,4,102,ClusterState,cluster120,41.62258914705882,-70.92214453921568,0.3524424358492807
2745,25001.0,120,-70.333968,41.690216,68,102,ClusterState,cluster120,41.62258914705882,-70.92214453921568,0.5920515454945317
2734,44003.0,121,-71.487993,41.699104999999996,25,131,ClusterState,cluster121,41.788937603053434,-72.97129776335878,1.486022515836885
2690,36105.0,121,-74.707459,41.700086,22,131,ClusterState,cluster121,41.788937603053434,-72.97129776335878,1.7384333311866595
2737,44001.0,121,-71.283919,41.712119,0,131,ClusterState,cluster121,41.788937603053434,-72.97129776335878,1.6891264573172977
2728,9015.0,121,-71.995072,41.804225,7,131,ClusterState,cluster121,41.788937603053434,-72.97129776335878,0.9763454540022408
2697,36111.0,121,-74.10074499999999,41.841064,30,131,ClusterState,cluster121,41.788937603053434,-72.97129776335878,1.1306494689403528
2722,9013.0,121,-72.37209,41.842762,47,131,ClusterState,cluster121,41.788937603053434,-72.97129776335878,0.6016203199494592
2686,36025.0,122,-74.993985,42.244535,0,117,ClusterState,cluster122,42.35148517948718,-73.01847805128205,1.978399869926513
2704,36021.0,122,-73.681049,42.273336,23,117,ClusterState,cluster122,42.35148517948718,-73.01847805128205,0.6671638152204687
2698,36039.0,122,-73.97587299999999,42.299303,2,117,ClusterState,cluster122,42.35148517948718,-73.01847805128205,0.9588159717519693
2718,25015.0,122,-72.57332199999999,42.312537,55,117,ClusterState,cluster122,42.35148517948718,-73.01847805128205,0.44685665562727944
2709,25003.0,122,-73.216577,42.460781,37,117,ClusterState,cluster122,42.35148517948718,-73.01847805128205,0.22624935329129614
2684,36077.0,123,-75.060062,42.563531,5,104,ClusterState,cluster123,42.66739717307692,-73.38244231730769,1.6808319314155986
2719,25011.0,123,-72.55870300000001,42.578289,42,104,ClusterState,cluster123,42.66739717307692,-73.38244231730769,0.8285449471136952
2692,36095.0,123,-74.436027,42.642508,0,104,ClusterState,cluster123,42.66739717307692,-73.38244231730769,1.0538786241974427
2705,36083.0,123,-73.629889,42.699991,29,104,ClusterState,cluster123,42.66739717307692,-73.38244231730769,0.24958409069674667
2699,36093.0,123,-73.946182,42.809284000000005,26,104,ClusterState,cluster123,42.66739717307692,-73.38244231730769,0.5813211689731567
2733,33011.0,124,-71.532928,42.879889,55,112,ClusterState,cluster124,42.90807141964285,-71.39329235714285,0.14245126020170426
2723,33005.0,124,-72.262715,42.898264000000005,2,112,ClusterState,cluster124,42.90807141964285,-71.39329235714285,0.8694779568182015
2740,33015.0,124,-71.10426600000001,42.936726,53,112,ClusterState,cluster124,42.90807141964285,-71.39329235714285,0.29044331649860283
2716,50025.0,125,-72.61616,42.956309999999995,3,100,ClusterState,cluster125,43.242747230000006,-73.33914483000001,0.7776588912500332
2711,50003.0,125,-73.15352,42.972541,1,100,ClusterState,cluster125,43.242747230000006,-73.33914483000001,0.32782309900821305
2700,36091.0,125,-73.785787,43.008801,3,100,ClusterState,cluster125,43.242747230000006,-73.33914483000001,0.5042024063345161
2696,36035.0,125,-74.33034599999999,43.059172,6,100,ClusterState,cluster125,43.242747230000006,-73.33914483000001,1.008057351780587
2685,36043.0,125,-74.99503399999999,43.070536,1,100,ClusterState,cluster125,43.242747230000006,-73.33914483000001,1.664820005604612
2732,33013.0,125,-71.586214,43.246442,10,100,ClusterState,cluster125,43.242747230000006,-73.33914483000001,1.752934723853082
2707,36115.0,125,-73.45869300000001,43.290255,9,100,ClusterState,cluster125,43.242747230000006,-73.33914483000001,0.12864195723294086
2724,33019.0,125,-72.259352,43.367422,1,100,ClusterState,cluster125,43.242747230000006,-73.33914483000001,1.0869665836602176
2702,36113.0,125,-73.714626,43.396992,22,100,ClusterState,cluster125,43.242747230000006,-73.33914483000001,0.40592802083239926
2735,33001.0,126,-71.44059,43.5174,0,112,ClusterState,cluster126,44.26435234821428,-71.52676159821428,0.7519064801167953
2720,50027.0,126,-72.491252,43.545556,2,112,ClusterState,cluster126,44.26435234821428,-71.52676159821428,1.2028756898960828
2713,50021.0,126,-73.045536,43.601633,1,112,ClusterState,cluster126,44.26435234821428,-71.52676159821428,1.6570674753965613
2746,23005.0,126,-70.305589,43.748088,30,112,ClusterState,cluster126,44.26435234821428,-71.52676159821428,1.3258172543252449
2739,33003.0,126,-71.166412,43.810972,0,112,ClusterState,cluster126,44.26435234821428,-71.52676159821428,0.5791421009390524
2729,33009.0,126,-71.95326800000001,43.838874,1,112,ClusterState,cluster126,44.26435234821428,-71.52676159821428,0.6024446327782877
2750,23023.0,126,-69.869704,43.956202000000005,0,112,ClusterState,cluster126,44.26435234821428,-71.52676159821428,1.6854662621673144
2721,50017.0,126,-72.394216,43.996016999999995,0,112,ClusterState,cluster126,44.26435234821428,-71.52676159821428,0.9080093602373855
2753,23015.0,126,-69.55505699999999,44.032332000000004,0,112,ClusterState,cluster126,44.26435234821428,-71.52676159821428,1.9853091609633096
2710,50001.0,126,-73.166759,44.062470000000005,2,112,ClusterState,cluster126,44.26435234821428,-71.52676159821428,1.6523764584332543
2748,23001.0,126,-70.201312,44.119069,2,112,ClusterState,cluster126,44.26435234821428,-71.52676159821428,1.333388123793946
2717,50023.0,126,-72.58391999999999,44.241925,1,112,ClusterState,cluster126,44.26435234821428,-71.52676159821428,1.0573962702856714
2743,23017.0,126,-70.61336,44.28237,0,112,ClusterState,cluster126,44.26435234821428,-71.52676159821428,0.9135792879637046
2751,23011.0,126,-69.749178,44.396102,8,112,ClusterState,cluster126,44.26435234821428,-71.52676159821428,1.7824593738388759
2727,50005.0,126,-72.07512,44.467875,0,112,ClusterState,cluster126,44.26435234821428,-71.52676159821428,0.584908887433658
2712,50007.0,126,-73.14944399999999,44.480855,37,112,ClusterState,cluster126,44.26435234821428,-71.52676159821428,1.6370618727755182
2736,33007.0,126,-71.36275,44.550062,0,112,ClusterState,cluster126,44.26435234821428,-71.52676159821428,0.3294386277780964
2715,50015.0,126,-72.653257,44.587559999999996,1,112,ClusterState,cluster126,44.26435234821428,-71.52676159821428,1.1719449971808413
2730,50009.0,126,-71.740577,44.666928999999996,0,112,ClusterState,cluster126,44.26435234821428,-71.52676159821428,0.45583438506083224
2747,23007.0,126,-70.225634,44.70749,1,112,ClusterState,cluster126,44.26435234821428,-71.52676159821428,1.374519554340723
2708,50013.0,126,-73.298303,44.79441,0,112,ClusterState,cluster126,44.26435234821428,-71.52676159821428,1.8491403549913465
2752,23025.0,126,-69.685757,44.821921,0,112,ClusterState,cluster126,44.26435234821428,-71.52676159821428,1.9235853846659063
2714,50011.0,126,-72.993263,44.840447,5,112,ClusterState,cluster126,44.26435234821428,-71.52676159821428,1.5755987462725365
2725,50019.0,126,-72.223292,44.864953,0,112,ClusterState,cluster126,44.26435234821428,-71.52676159821428,0.9197150338758249
129809,2020.0,127,-149.793182,61.192232,4,8,ClusterState,cluster127,62.041988125,-149.36339999999998,0.9522594391756065
129816,2170.0,127,-149.421961,61.611281000000005,1,8,ClusterState,cluster127,62.041988125,-149.36339999999998,0.43467001075156636
130273,15003.0,128,-157.913673,21.372464,11,17,ClusterState,cluster128,21.192916823529416,-157.412547,0.5323198817013683
130275,15009.0,128,-156.49381599999998,20.863747,6,17,ClusterState,cluster128,21.192916823529416,-157.412547,0.9759197831191874
