fips,long,lat,cluster
1001.0,-86.494165,32.500389,6
1003.0,-87.762381,30.548923,6
1005.0,-85.310038,31.844036,6
1007.0,-87.127659,33.030921,6
1009.0,-86.591491,33.955243,46
1011.0,-85.701192,32.116327,6
1013.0,-86.65355,31.773539,6
1015.0,-85.819442,33.72546,46
1017.0,-85.266474,32.860439,6
1019.0,-85.629194,34.179333,46
1021.0,-86.687406,32.877547,6
1023.0,-88.264164,32.016562,71
1025.0,-87.815673,31.685685,6
1027.0,-85.820227,33.272412,6
1029.0,-85.494315,33.62977,6
1031.0,-85.904715,31.354433,6
1033.0,-87.685151,34.723385,53
1035.0,-86.996483,31.418674,6
1037.0,-86.155035,32.975932,6
1039.0,-86.410955,31.282449,6
1041.0,-86.29708,31.743487,6
1043.0,-86.831859,34.162362,46
1045.0,-85.641269,31.383346,6
1047.0,-87.034955,32.408815,6
1049.0,-85.817208,34.45511,46
1051.0,-86.225647,32.559652,6
1053.0,-87.282053,31.088737,6
1055.0,-86.025393,34.013693,46
1057.0,-87.770355,33.726422,53
1059.0,-87.793594,34.460481,53
1061.0,-85.788849,31.09426,6
1063.0,-87.924,32.830505,53
1065.0,-87.626084,32.775804,53
1067.0,-85.268828,31.478593,6
1069.0,-85.391221,31.20455,6
1071.0,-85.938698,34.731984,46
1073.0,-86.814688,33.518601,6
1075.0,-88.109649,33.762769,53
1077.0,-87.608759,34.866179,53
1079.0,-87.272414,34.543683,46
1081.0,-85.345833,32.588092,6
1083.0,-86.938972,34.815612,46
1085.0,-86.618688,32.162415,6
1087.0,-85.715007,32.425739,6
1089.0,-86.613232,34.746392,46
1091.0,-87.800648,32.340479,6
1093.0,-87.8743,34.111797,53
1095.0,-86.293279,34.311974,46
1097.0,-88.170637,30.683993,71
1099.0,-87.360894,31.505611,6
1101.0,-86.243797,32.346175,6
1103.0,-86.930781,34.514252,46
1105.0,-87.369219,32.581066,6
1107.0,-88.066472,33.292973,53
1109.0,-85.948647,31.787277,6
1111.0,-85.427266,33.257607,6
1113.0,-85.062843,32.421972,6
1115.0,-86.369107,33.660628,46
1117.0,-86.737978,33.290719,6
1119.0,-88.232646,32.57442,53
1121.0,-86.169238,33.372083,6
1123.0,-85.864503,32.85306,6
1125.0,-87.520229,33.214154,53
1127.0,-87.253922,33.834858,53
1129.0,-88.18612,31.410368,71
1131.0,-87.380407,31.999753,6
1133.0,-87.415693,34.163824,53
2013.0,-162.901536,54.860151,8
2016.0,-168.292885,54.023571,8
2020.0,-149.793182,61.192232,43
2050.0,-162.151263,60.679946,61
2060.0,-156.834047,58.735464,67
2068.0,-149.032949,63.882845,35
2070.0,-158.718472,59.136256,64
2090.0,-147.624018,64.831552,35
2100.0,-135.559897,59.264125,0
2105.0,-135.384163,58.078282,57
2110.0,-134.530605,58.358516,0
2122.0,-151.064475,60.292592,43
2130.0,-131.678527,55.367858,42
2150.0,-152.460881,57.779137,12
2164.0,-156.371652,58.557351,67
2170.0,-149.421961,61.611281,43
2180.0,-165.295491,64.457026,5
2185.0,-154.862085,70.522779,14
2188.0,-161.638185,66.943735,5
2195.0,-133.115025,56.812712,27
2198.0,-132.560842,55.448164,42
2201.0,-132.60169,55.469758,42
2220.0,-135.337171,57.062746,57
2230.0,-135.311501,59.464536,0
2232.0,-135.33448,58.415975,0
2240.0,-144.687024,63.856185,35
2261.0,-145.882504,61.26149,35
2270.0,-164.314723,62.089902,61
2275.0,-132.310837,56.385821,27
2280.0,-132.85609,56.683148,27
2282.0,-139.724878,59.547975,16
2290.0,-152.550423,65.010262,48
4001.0,-109.41484,35.577687,56
4003.0,-110.063053,31.607357,56
4005.0,-111.590056,35.514426,56
4007.0,-111.007494,33.82356,56
4009.0,-109.812181,32.86733,56
4011.0,-109.248712,32.970402,56
4012.0,-114.172146,33.908361,72
4013.0,-112.04143,33.493403,56
4015.0,-114.249634,35.069679,72
4017.0,-110.211155,34.893625,56
4019.0,-110.96001,32.216707,56
4021.0,-111.588364,33.060133,56
4023.0,-110.943195,31.434733,56
4025.0,-112.267767,34.629014,56
4027.0,-114.598663,32.65004,72
5001.0,-91.461284,34.405316,33
5003.0,-91.87136,33.179373,33
5005.0,-92.383933,36.332208,2
5007.0,-94.230543,36.337348,2
5009.0,-93.099344,36.267871,2
5011.0,-92.103312,33.569321,33
5013.0,-92.495555,33.591116,33
5015.0,-93.570816,36.373069,2
5017.0,-91.318378,33.32186,71
5019.0,-93.124856,34.094705,33
5021.0,-90.372418,36.370695,68
5023.0,-92.037481,35.510232,33
5025.0,-92.139146,33.914989,33
5027.0,-93.247459,33.258045,33
5029.0,-92.70416,35.214487,33
5031.0,-90.669325,35.835235,53
5033.0,-94.28436,35.496882,33
5035.0,-90.217261,35.17736,53
5037.0,-90.775307,35.252833,53
5039.0,-92.527123,33.869213,33
5041.0,-91.417485,33.773838,33
5043.0,-91.781779,33.6274,33
5045.0,-92.405359,35.104918,33
5047.0,-93.885464,35.446102,33
5049.0,-91.764934,36.376787,2
5051.0,-93.081852,34.505811,33
5053.0,-92.412714,34.309174,33
5055.0,-90.523016,36.07312,53
5057.0,-93.623587,33.699647,33
5059.0,-92.894595,34.353464,33
5061.0,-93.910184,33.983198,33
5063.0,-91.607539,35.749801,2
5065.0,-91.908429,36.120217,2
5067.0,-91.246233,35.621102,53
5069.0,-92.041179,34.233473,33
5071.0,-93.475517,35.475272,33
5073.0,-93.557538,33.287629,33
5075.0,-91.065733,36.070224,2
5077.0,-90.774516,34.785214,53
5079.0,-91.746234,33.975379,33
5081.0,-94.195995,33.700518,33
5083.0,-93.768119,35.227532,33
5085.0,-91.970577,34.905178,33
5087.0,-93.755297,36.061309,2
5089.0,-92.663368,36.28457,2
5091.0,-93.987504,33.400831,33
5093.0,-89.999037,35.84288,53
5095.0,-91.218021,34.777729,53
5097.0,-93.622663,34.517013,33
5099.0,-93.358085,33.722168,33
5101.0,-93.1705,35.98494,2
5103.0,-92.838871,33.574461,33
5105.0,-92.779271,34.999054,33
5107.0,-90.707796,34.529768,53
5109.0,-93.624765,34.187298,33
5111.0,-90.557998,35.60191,53
5113.0,-94.258519,34.52045,33
5115.0,-93.097238,35.309776,33
5117.0,-91.536241,34.859177,33
5119.0,-92.311659,34.773719,33
5121.0,-90.98842,36.304758,2
5123.0,-90.770297,35.015313,53
5125.0,-92.546163,34.593233,33
5127.0,-94.095905,34.907145,33
5129.0,-92.659155,35.922829,2
5131.0,-94.354435,35.318195,33
5133.0,-94.304091,34.014236,33
5135.0,-91.520168,36.178493,2
5137.0,-92.137,35.856705,2
5139.0,-92.64508,33.20687,33
5141.0,-92.421475,35.567839,33
5143.0,-94.172222,36.094275,2
5145.0,-91.767388,35.243736,33
5147.0,-91.252079,35.233191,53
5149.0,-93.28946,35.120982,33
6001.0,-122.100393,37.705201,69
6003.0,-119.847603,38.728298,22
6005.0,-120.775729,38.394208,69
6007.0,-121.707635,39.669037,69
6009.0,-120.633718,38.163627,69
6011.0,-122.085557,39.156148,69
6013.0,-122.030131,37.935588,69
6015.0,-124.163088,41.791232,26
6017.0,-120.74433,38.746543,69
6019.0,-119.767884,36.738918,24
6021.0,-122.177491,39.663418,69
6023.0,-124.087189,40.752982,26
6025.0,-115.534487,32.841101,72
6027.0,-118.267513,37.160247,24
6029.0,-118.936004,35.372968,24
6031.0,-119.729084,36.242749,24
6033.0,-122.734609,38.973362,69
6035.0,-120.579176,40.392397,22
6037.0,-118.244222,34.065193,72
6039.0,-120.00675,37.043099,24
6041.0,-122.547075,37.986705,69
6043.0,-119.957219,37.542748,24
6045.0,-123.397227,39.285329,69
6047.0,-120.623989,37.281016,24
6049.0,-120.650911,41.522584,26
6051.0,-118.970594,37.763322,24
6053.0,-121.646162,36.611722,24
6055.0,-122.321646,38.329075,69
6057.0,-120.916546,39.219524,69
6059.0,-117.86288,33.733953,72
6061.0,-121.182466,38.844511,69
6063.0,-120.825847,39.983857,22
6065.0,-117.066205,33.800439,72
6067.0,-121.380861,38.56895,69
6069.0,-121.403859,36.843404,24
6071.0,-117.357474,34.190248,72
6073.0,-117.112994,32.88326,72
6075.0,-122.438323,37.759598,69
6077.0,-121.298108,37.931804,69
6079.0,-120.667689,35.342391,24
6081.0,-122.340991,37.56395,69
6083.0,-120.092602,34.639262,24
6085.0,-121.910421,37.315105,69
6087.0,-121.936728,36.985171,69
6089.0,-122.299961,40.580269,26
6091.0,-120.414236,39.612588,22
6093.0,-122.489833,41.576203,26
6095.0,-122.069324,38.235582,69
6097.0,-122.720522,38.41408,69
6099.0,-120.955577,37.619147,69
6101.0,-121.644269,39.13549,69
6103.0,-122.218704,40.115187,69
6105.0,-123.072357,40.681268,26
6107.0,-119.231547,36.251227,24
6109.0,-120.32853,37.971531,24
6111.0,-119.025018,34.241989,24
6113.0,-121.721112,38.598913,69
6115.0,-121.506626,39.13883,69
8001.0,-104.927473,39.874297,25
8003.0,-105.877245,37.483069,54
8005.0,-104.845968,39.647528,25
8007.0,-107.085027,37.240087,54
8009.0,-102.527089,37.368221,38
8011.0,-103.1631,38.072386,38
8013.0,-105.183981,40.063299,25
8014.0,-105.055491,39.936888,25
8015.0,-106.082645,38.676497,25
8017.0,-102.45777,38.816795,38
8019.0,-105.52965,39.712957,25
8021.0,-105.989049,37.195652,54
8023.0,-105.448477,37.281779,54
8025.0,-103.857439,38.188547,25
8027.0,-105.381557,38.134216,25
8029.0,-107.910553,38.798565,54
8031.0,-104.955068,39.72143,25
8033.0,-108.75741,37.740817,54
8035.0,-104.879712,39.48527,25
8037.0,-106.717771,39.599453,25
8039.0,-104.51913,39.382868,25
8041.0,-104.758477,38.873669,25
8043.0,-105.206532,38.426058,25
8045.0,-107.539356,39.507561,25
8047.0,-105.48021,39.85702,25
8049.0,-105.9754,40.050388,25
8051.0,-106.944723,38.657886,25
8053.0,-107.29653,37.996875,54
8055.0,-104.884201,37.616312,25
8057.0,-106.291292,40.692851,25
8059.0,-105.128819,39.720524,25
8061.0,-102.680579,38.470657,38
8063.0,-102.435733,39.309763,38
8065.0,-106.308061,39.24587,25
8067.0,-107.806184,37.265198,54
8069.0,-105.099218,40.504546,25
8071.0,-104.503149,37.196601,54
8073.0,-103.613697,39.173232,25
8075.0,-103.187715,40.639399,19
8077.0,-108.543768,39.092851,54
8079.0,-106.935586,37.798623,54
8081.0,-107.625859,40.515239,25
8083.0,-108.557116,37.370817,54
8085.0,-107.934568,38.479142,54
8087.0,-103.781517,40.256023,25
8089.0,-103.657432,38.024096,25
8091.0,-107.746232,38.139834,54
8093.0,-105.623144,39.311718,25
8095.0,-102.387354,40.599517,19
8097.0,-106.907765,39.232543,25
8099.0,-102.547035,38.083772,38
8101.0,-104.645147,38.263685,25
8103.0,-108.280174,40.051033,25
8105.0,-106.238805,37.616658,54
8107.0,-106.899535,40.453133,25
8109.0,-106.019489,37.915302,54
8111.0,-107.673989,37.804646,54
8113.0,-107.960034,37.974202,54
8115.0,-102.32767,40.960246,19
8117.0,-106.054579,39.573131,25
8119.0,-105.140532,38.94355,25
8121.0,-103.156814,40.092526,19
8123.0,-104.788507,40.328082,25
8125.0,-102.486935,40.069473,19
9001.0,-73.364521,41.207889,23
9003.0,-72.717282,41.761943,34
9005.0,-73.187494,41.727851,34
9007.0,-72.571408,41.478564,34
9009.0,-72.941497,41.396052,34
9011.0,-72.097683,41.443373,34
9013.0,-72.37209,41.842762,34
9015.0,-71.995072,41.804225,34
10001.0,-75.558604,39.12322,23
10003.0,-75.634376,39.68502,23
10005.0,-75.346649,38.662387,23
11001.0,-77.014468,38.91027,7
12001.0,-82.386845,29.665903,60
12003.0,-82.185477,30.288432,60
12005.0,-85.660217,30.206925,6
12007.0,-82.128192,29.953429,60
12009.0,-80.690979,28.232195,60
12011.0,-80.227135,26.134058,60
12013.0,-85.122189,30.463143,6
12015.0,-82.119946,26.954793,60
12017.0,-82.453512,28.863598,60
12019.0,-81.79941,30.084386,60
12021.0,-81.699625,26.199831,60
12023.0,-82.660566,30.126051,60
12027.0,-81.864094,27.189369,60
12029.0,-83.056329,29.634179,60
12031.0,-81.622853,30.300302,60
12033.0,-87.274788,30.485314,6
12035.0,-81.224735,29.523494,60
12037.0,-84.822838,29.786787,6
12039.0,-84.581397,30.59828,6
12041.0,-82.808262,29.704639,60
12043.0,-81.185404,26.896029,60
12045.0,-85.259478,29.988579,6
12047.0,-82.997218,30.501534,60
12049.0,-81.815432,27.548312,60
12051.0,-81.202571,26.705392,60
12053.0,-82.496961,28.50485,60
12055.0,-81.442555,27.460415,60
12057.0,-82.401275,27.976529,60
12059.0,-85.758558,30.847684,6
12061.0,-80.440581,27.671827,60
12063.0,-85.216119,30.80024,6
12065.0,-83.886291,30.504031,6
12067.0,-83.179508,30.065418,60
12069.0,-81.752026,28.735689,60
12071.0,-81.858144,26.574992,60
12073.0,-84.270371,30.466103,6
12075.0,-82.666319,29.379995,60
12077.0,-84.905169,30.399795,6
12079.0,-83.430563,30.47263,6
12081.0,-82.532775,27.477054,60
12083.0,-82.123367,29.140116,60
12085.0,-80.244395,27.1443,60
12086.0,-80.298888,25.774565,60
12087.0,-81.263945,24.739678,60
12089.0,-81.647153,30.607962,60
12091.0,-86.567105,30.542829,6
12093.0,-80.822153,27.272057,60
12095.0,-81.384377,28.532855,60
12097.0,-81.383484,28.266765,60
12099.0,-80.146119,26.617075,60
12101.0,-82.51608,28.261606,60
12103.0,-82.727651,27.899794,60
12105.0,-81.799975,28.03114,60
12107.0,-81.720431,29.609299,60
12109.0,-81.421504,29.977088,60
12111.0,-80.353183,27.338067,60
12113.0,-87.036954,30.549593,6
12115.0,-82.423893,27.208205,60
12117.0,-81.310445,28.697834,60
12119.0,-82.035469,28.825768,60
12121.0,-82.987546,30.214688,60
12123.0,-83.597967,30.064881,60
12125.0,-82.356919,30.010768,60
12127.0,-81.123944,29.073725,60
12129.0,-84.331546,30.185525,6
12131.0,-86.190665,30.583729,6
12133.0,-85.625419,30.650718,6
13001.0,-82.338473,31.77388,74
13003.0,-82.886363,31.317301,74
13005.0,-82.466071,31.547221,74
13007.0,-84.437989,31.307754,6
13009.0,-83.245659,33.084849,74
13011.0,-83.506647,34.351255,74
13013.0,-83.7275,33.993054,74
13015.0,-84.829122,34.208435,46
13017.0,-83.248636,31.727638,74
13019.0,-83.252459,31.238588,74
13021.0,-83.687184,32.832049,74
13023.0,-83.33214,32.401368,74
13025.0,-81.96997,31.216648,74
13027.0,-83.54009,30.842082,6
13029.0,-81.375954,31.979537,74
13031.0,-81.76242,32.417702,74
13033.0,-81.998447,33.101987,74
13035.0,-83.970002,33.296102,74
13037.0,-84.668445,31.527412,6
13039.0,-81.635079,30.814165,60
13043.0,-82.062305,32.399861,74
13045.0,-85.044673,33.622193,6
13047.0,-85.17282,34.927795,46
13049.0,-82.023033,30.780002,60
13051.0,-81.126449,32.036008,74
13053.0,-84.899254,32.344231,6
13055.0,-85.344167,34.495509,46
13057.0,-84.496595,34.169606,46
13059.0,-83.380863,33.950406,74
13061.0,-85.013368,31.633549,6
13063.0,-84.362238,33.553383,74
13065.0,-82.740932,31.017888,74
13067.0,-84.557878,33.943254,74
13069.0,-82.840667,31.516,74
13071.0,-83.768671,31.180955,6
13073.0,-82.165654,33.51622,74
13075.0,-83.424499,31.149847,74
13077.0,-84.736399,33.379117,6
13079.0,-83.934002,32.707681,74
13081.0,-83.777791,31.947962,74
13083.0,-85.497004,34.882709,46
13085.0,-84.104119,34.40138,74
13087.0,-84.57036,30.888345,6
13089.0,-84.248029,33.789813,74
13091.0,-83.175591,32.212815,74
13093.0,-83.784195,32.16758,74
13095.0,-84.167625,31.573426,6
13097.0,-84.734644,33.724923,74
13099.0,-84.916722,31.331726,6
13101.0,-83.057989,30.708629,74
13103.0,-81.299511,32.291745,74
13105.0,-82.879523,34.126521,74
13107.0,-82.307952,32.58586,74
13109.0,-81.907367,32.169649,74
13111.0,-84.313402,34.901383,46
13113.0,-84.512414,33.427941,74
13115.0,-85.183164,34.255796,46
13117.0,-84.144322,34.19492,74
13119.0,-83.186079,34.377335,74
13121.0,-84.393645,33.836086,74
13123.0,-84.483646,34.677249,46
13125.0,-82.609847,33.235927,74
13127.0,-81.486488,31.202698,74
13129.0,-84.908795,34.498326,46
13131.0,-84.214288,30.882764,6
13133.0,-83.166093,33.549876,74
13135.0,-84.057963,33.951956,74
13137.0,-83.541626,34.56516,74
13139.0,-83.844712,34.275205,74
13141.0,-83.002047,33.255825,74
13143.0,-85.18547,33.76192,46
13145.0,-84.895034,32.699933,6
13147.0,-82.964953,34.355413,74
13149.0,-85.1134,33.309334,6
13151.0,-84.175416,33.475842,74
13153.0,-83.663357,32.571603,74
13155.0,-83.280834,31.604647,74
13157.0,-83.584805,34.132059,74
13159.0,-83.724341,33.356251,74
13161.0,-82.600696,31.848776,74
13163.0,-82.407657,33.063551,74
13165.0,-81.950133,32.794618,74
13167.0,-82.679535,32.701199,74
13169.0,-83.54514,32.962134,74
13171.0,-84.1544,33.08002,74
13173.0,-83.090886,31.035393,74
13175.0,-82.926131,32.516487,74
13177.0,-84.173396,31.681194,6
13179.0,-81.578482,31.827766,74
13181.0,-82.44638,33.781126,74
13183.0,-81.733663,31.778807,74
13185.0,-83.280221,30.857006,74
13187.0,-83.986879,34.524951,74
13189.0,-82.469866,33.459617,74
13191.0,-81.407579,31.47526,74
13193.0,-84.038814,32.325042,74
13195.0,-83.24068,34.104614,74
13197.0,-84.523557,32.380907,6
13199.0,-84.672846,33.008863,6
13201.0,-84.737198,31.159722,6
13205.0,-84.172094,31.216853,6
13207.0,-83.906823,33.038194,74
13209.0,-82.533261,32.167319,74
13211.0,-83.485957,33.600243,74
13213.0,-84.792066,34.782329,46
13215.0,-84.930634,32.492289,6
13217.0,-83.896609,33.56952,74
13219.0,-83.457946,33.875278,74
13221.0,-83.14492,33.916594,74
13223.0,-84.816609,33.905688,46
13225.0,-83.82958,32.584826,74
13227.0,-84.442301,34.455892,46
13229.0,-82.240429,31.314668,74
13231.0,-84.366796,33.103227,74
13233.0,-85.176771,34.010878,46
13235.0,-83.480342,32.275344,74
13237.0,-83.339663,33.317059,74
13239.0,-85.077727,31.859377,6
13241.0,-83.407223,34.87903,44
13243.0,-84.758026,31.760403,6
13245.0,-82.049444,33.426859,74
13247.0,-84.020894,33.642043,74
13249.0,-84.306781,32.241549,6
13251.0,-81.627328,32.722842,74
13253.0,-84.868027,30.972496,6
13255.0,-84.273339,33.258051,74
13257.0,-83.288681,34.556904,74
13259.0,-84.764519,32.069335,6
13261.0,-84.221818,32.059981,6
13263.0,-84.582116,32.703124,6
13265.0,-82.88576,33.5688,74
13267.0,-82.052217,32.043908,74
13269.0,-84.215083,32.560542,74
13271.0,-82.892471,32.01562,74
13273.0,-84.42886,31.772157,6
13275.0,-83.948411,30.868962,6
13277.0,-83.515048,31.454362,74
13279.0,-82.367022,32.183936,74
13281.0,-83.782961,34.938692,44
13283.0,-82.589718,32.387047,74
13285.0,-85.031746,33.036737,6
13287.0,-83.636891,31.700824,74
13289.0,-83.416286,32.703662,74
13291.0,-84.002286,34.874243,46
13293.0,-84.324382,32.907469,74
13295.0,-85.293376,34.83654,46
13297.0,-83.784266,33.795381,74
13299.0,-82.383943,31.22682,74
13301.0,-82.662844,33.407596,74
13303.0,-82.773406,32.962029,74
13305.0,-81.919105,31.611857,74
13307.0,-84.560657,32.049343,6
13309.0,-82.751307,32.146558,74
13311.0,-83.744309,34.601048,74
13313.0,-84.965686,34.792742,46
13315.0,-83.405657,31.975167,74
13317.0,-82.753524,33.755364,74
13319.0,-83.239491,32.8443,74
13321.0,-83.861186,31.535712,6
15001.0,-155.421895,19.672837,4
15003.0,-157.913673,21.372464,32
15005.0,-156.979972,21.188495,32
15007.0,-159.442112,22.021022,32
15009.0,-156.493816,20.863747,32
16001.0,-116.304409,43.611186,36
16003.0,-116.375947,44.848619,36
16005.0,-112.423672,42.869212,13
16007.0,-111.341632,42.306336,13
16009.0,-116.639736,47.271692,70
16011.0,-112.355721,43.217372,13
16013.0,-114.294277,43.541366,36
16015.0,-115.993695,43.899702,36
16017.0,-116.630982,48.235649,70
16019.0,-111.997623,43.494876,13
16021.0,-116.302851,48.705964,70
16023.0,-113.294562,43.699097,36
16025.0,-114.756451,43.350524,36
16027.0,-116.627276,43.611438,36
16029.0,-111.656063,42.643778,13
16031.0,-113.741833,42.482791,36
16033.0,-112.278608,44.185815,13
16035.0,-116.185221,46.48524,70
16037.0,-114.048035,44.285168,36
16039.0,-115.684407,43.11532,36
16041.0,-111.872202,42.0993,13
16043.0,-111.615464,44.014844,13
16045.0,-116.506739,43.884323,36
16047.0,-114.751067,42.852717,36
16049.0,-116.106566,45.974127,70
16051.0,-111.969394,43.691123,13
16053.0,-114.462669,42.698447,36
16055.0,-116.832581,47.73713,70
16057.0,-116.934434,46.742968,70
16059.0,-113.86153,45.127412,40
16061.0,-116.25739,46.238066,70
16063.0,-114.326069,42.973467,36
16065.0,-111.794073,43.819114,13
16067.0,-113.712227,42.613266,36
16069.0,-116.950462,46.394126,70
16071.0,-112.301274,42.181568,13
16073.0,-116.681558,43.376748,36
16075.0,-116.894281,44.020334,36
16077.0,-112.829004,42.775001,13
16079.0,-116.085925,47.514637,70
16081.0,-111.125546,43.692977,13
16083.0,-114.504002,42.558563,36
16085.0,-116.073719,44.758677,36
16087.0,-116.919922,44.297898,36
17001.0,-91.328948,39.943826,21
17003.0,-89.289666,37.149251,68
17005.0,-89.432819,38.884622,68
17007.0,-88.851989,42.293981,66
17009.0,-90.746466,39.964815,21
17011.0,-89.42378,41.382964,21
17013.0,-90.63801,39.12353,21
17015.0,-89.963255,42.071879,21
17017.0,-90.319209,39.979866,21
17019.0,-88.233083,40.128073,73
17021.0,-89.254627,39.525298,68
17023.0,-87.800246,39.351007,73
17025.0,-88.490134,38.716132,68
17027.0,-89.472099,38.587753,68
17029.0,-88.258277,39.487297,73
17031.0,-87.757714,41.865937,73
17033.0,-87.748024,39.00569,73
17035.0,-88.280887,39.275965,73
17037.0,-88.72946,41.927172,73
17039.0,-88.908946,40.171701,73
17041.0,-88.279794,39.766826,73
17043.0,-88.071617,41.849815,73
17045.0,-87.71537,39.635942,73
17047.0,-88.04063,38.402493,68
17049.0,-88.576033,39.094723,68
17051.0,-89.033295,38.997829,68
17053.0,-88.217453,40.527422,73
17055.0,-88.953316,37.962135,68
17057.0,-90.119357,40.521963,21
17059.0,-88.238563,37.770001,68
17061.0,-90.373465,39.37224,21
17063.0,-88.347437,41.345274,73
17065.0,-88.557747,38.092156,68
17067.0,-91.203133,40.425725,21
17069.0,-88.290573,37.478453,68
17071.0,-90.9448,40.828841,21
17073.0,-90.134757,41.348782,21
17075.0,-87.834391,40.763597,73
17077.0,-89.274031,37.747793,68
17079.0,-88.159885,39.003765,68
17081.0,-88.910808,38.308488,68
17083.0,-90.32042,39.072862,21
17085.0,-90.305944,42.411324,21
17087.0,-88.882358,37.474558,68
17089.0,-88.331264,41.918111,73
17091.0,-87.850867,41.148582,73
17093.0,-88.379066,41.663724,73
17095.0,-90.328601,40.937032,21
17097.0,-87.969458,42.313072,73
17099.0,-88.895997,41.350798,73
17101.0,-87.748328,38.718291,68
17103.0,-89.398207,41.810242,21
17105.0,-88.573187,40.907044,73
17107.0,-89.361505,40.140775,21
17109.0,-90.669344,40.469472,21
17111.0,-88.34988,42.271472,73
17113.0,-88.954977,40.494123,73
17115.0,-88.947076,39.851176,73
17117.0,-89.877035,39.19403,21
17119.0,-90.018097,38.801396,68
17121.0,-89.016967,38.59071,68
17123.0,-89.315638,41.043034,21
17125.0,-89.898924,40.286475,21
17127.0,-88.714109,37.178592,68
17129.0,-89.799507,39.99726,21
17131.0,-90.687167,41.214043,21
17133.0,-90.171163,38.358529,68
17135.0,-89.505319,39.198961,68
17137.0,-90.231161,39.718155,21
17139.0,-88.614419,39.631979,73
17141.0,-89.256098,42.028653,21
17143.0,-89.638993,40.742915,21
17145.0,-89.323862,38.058514,68
17147.0,-88.581585,40.007008,73
17149.0,-90.859127,39.621311,21
17151.0,-88.54991,37.39893,68
17153.0,-89.13475,37.199543,68
17155.0,-89.270945,41.229306,21
17157.0,-89.809249,38.055541,68
17159.0,-88.088315,38.725943,68
17161.0,-90.504005,41.489142,21
17163.0,-90.000674,38.550219,68
17165.0,-88.536395,37.754786,68
17167.0,-89.652867,39.772757,21
17169.0,-90.568639,40.13118,21
17171.0,-90.462754,39.645737,21
17173.0,-88.802073,39.396539,68
17175.0,-89.792451,41.098377,21
17177.0,-89.644541,42.324139,21
17179.0,-89.534104,40.602899,21
17181.0,-89.236505,37.46858,68
17183.0,-87.654806,40.149683,73
17185.0,-87.789625,38.431283,68
17187.0,-90.636371,40.890638,21
17189.0,-89.39393,38.359407,68
17191.0,-88.422496,38.406869,68
17193.0,-88.192241,38.089959,68
17195.0,-89.823253,41.780798,21
17197.0,-88.057232,41.565138,73
17199.0,-88.974979,37.755675,68
17201.0,-89.06224,42.307128,66
17203.0,-89.29031,40.771239,21
18001.0,-84.934317,40.753767,10
18003.0,-85.122329,41.098642,73
18005.0,-85.902794,39.216785,10
18007.0,-87.291433,40.575066,73
18009.0,-85.34419,40.469726,10
18011.0,-86.398737,40.013009,73
18013.0,-86.20969,39.236241,10
18015.0,-86.600098,40.578983,73
18017.0,-86.339592,40.747104,73
18019.0,-85.732035,38.371546,10
18021.0,-87.124217,39.469066,73
18023.0,-86.512307,40.298201,73
18025.0,-86.423444,38.313435,10
18027.0,-87.098076,38.696963,73
18029.0,-84.920935,39.14462,10
18031.0,-85.494211,39.319975,10
18033.0,-85.034285,41.378214,47
18035.0,-85.401962,40.20517,10
18037.0,-86.914032,38.357067,68
18039.0,-85.906728,41.637679,73
18041.0,-85.147496,39.640791,10
18043.0,-85.855645,38.321514,10
18045.0,-87.271946,40.152089,73
18047.0,-85.070265,39.401885,10
18049.0,-86.220078,41.059389,73
18051.0,-87.546685,38.30918,68
18053.0,-85.644413,40.525253,73
18055.0,-86.992172,39.052316,73
18057.0,-86.059737,40.002534,73
18059.0,-85.824125,39.811662,10
18061.0,-86.097474,38.233745,10
18063.0,-86.415055,39.772784,73
18065.0,-85.403678,39.928644,10
18067.0,-86.132959,40.470704,73
18069.0,-85.487085,40.870224,73
18071.0,-85.942654,38.925896,10
18073.0,-87.149436,41.075783,73
18075.0,-85.033025,40.428424,10
18077.0,-85.433692,38.758956,10
18079.0,-85.648821,39.005169,10
18081.0,-86.113609,39.553276,10
18083.0,-87.45768,38.698623,68
18085.0,-85.830484,41.266796,73
18087.0,-85.46117,41.6324,47
18089.0,-87.408155,41.526226,73
18091.0,-86.790977,41.631837,73
18093.0,-86.495718,38.846386,10
18095.0,-85.708901,40.11412,10
18097.0,-86.135905,39.791299,73
18099.0,-86.273082,41.347248,73
18101.0,-86.848113,38.678357,73
18103.0,-86.073933,40.730651,73
18105.0,-86.537697,39.162879,73
18107.0,-86.90006,40.03511,73
18109.0,-86.399318,39.512251,73
18111.0,-87.380385,40.994087,73
18113.0,-85.391205,41.413892,73
18115.0,-84.911295,38.954549,10
18117.0,-86.496982,38.562156,10
18119.0,-86.799822,39.315596,73
18121.0,-87.227997,39.758327,73
18123.0,-86.705205,38.009327,10
18125.0,-87.233923,38.424833,68
18127.0,-87.105308,41.513679,73
18129.0,-87.823041,38.013245,68
18131.0,-86.685266,41.050592,73
18133.0,-86.835611,39.646107,73
18135.0,-84.997064,40.168573,10
18137.0,-85.218379,39.159402,10
18139.0,-85.474569,39.623616,10
18141.0,-86.228686,41.6754,73
18143.0,-85.762718,38.698198,10
18145.0,-85.789825,39.536039,10
18147.0,-87.011149,38.015495,68
18149.0,-86.631962,41.282896,73
18151.0,-85.010662,41.649521,47
18153.0,-87.390988,39.103093,73
18155.0,-85.023499,38.819835,10
18157.0,-86.886971,40.41788,73
18159.0,-86.050587,40.308849,73
18161.0,-84.919102,39.618626,10
18163.0,-87.551819,37.996062,68
18165.0,-87.440231,39.763164,73
18167.0,-87.387985,39.460817,73
18169.0,-85.802372,40.858522,73
18171.0,-87.326289,40.312186,73
18173.0,-87.352574,38.012884,68
18175.0,-86.086677,38.572886,10
18177.0,-84.949811,39.842737,10
18179.0,-85.194412,40.770771,10
18181.0,-86.810306,40.755698,73
18183.0,-85.47848,41.163144,73
19001.0,-94.479157,41.344629,37
19003.0,-94.709635,41.006693,37
19005.0,-91.417115,43.25705,49
19007.0,-92.867034,40.739836,37
19009.0,-94.925302,41.676829,37
19011.0,-92.017478,42.06222,21
19013.0,-92.370013,42.490851,49
19015.0,-93.895155,42.026494,37
19017.0,-92.376967,42.743058,49
19019.0,-91.901041,42.486957,21
19021.0,-95.181444,42.679153,17
19023.0,-92.758692,42.707538,49
19025.0,-94.625331,42.400162,37
19027.0,-94.867634,42.038571,37
19029.0,-94.979466,41.365898,37
19031.0,-91.137388,41.757883,21
19033.0,-93.246222,43.135116,49
19035.0,-95.593937,42.749288,17
19037.0,-92.344319,43.038059,49
19039.0,-93.78126,41.036835,37
19041.0,-95.159571,43.127315,17
19043.0,-91.322919,42.860097,21
19045.0,-90.335737,41.852707,21
19047.0,-95.358454,42.027366,37
19049.0,-93.923368,41.645223,37
19051.0,-92.415821,40.765097,21
19053.0,-93.821366,40.71001,37
19055.0,-91.383342,42.482434,21
19057.0,-91.141489,40.833525,21
19059.0,-95.133548,43.389624,17
19061.0,-90.759915,42.493726,21
19063.0,-94.75499,43.394425,17
19065.0,-91.855375,42.820385,49
19067.0,-92.75233,43.074625,49
19069.0,-93.240318,42.755202,49
19071.0,-95.623322,40.747942,37
19073.0,-94.375962,42.029792,37
19075.0,-92.748284,42.380262,49
19077.0,-94.431251,41.669446,37
19079.0,-93.766985,42.407552,37
19081.0,-93.705072,43.092013,49
19083.0,-93.215799,42.436775,49
19085.0,-95.807433,41.662391,37
19087.0,-91.537058,40.981343,21
19089.0,-92.231027,43.361616,49
19091.0,-94.215551,42.74679,49
19093.0,-95.504381,42.391343,17
19095.0,-92.039923,41.702615,21
19097.0,-90.566782,42.139283,21
19099.0,-93.070038,41.678374,37
19101.0,-91.964603,41.013171,21
19103.0,-91.55831,41.679755,21
19105.0,-91.198513,42.136467,21
19107.0,-92.17499,41.325439,21
19109.0,-94.22057,43.147016,49
19111.0,-91.396226,40.55857,21
19113.0,-91.647251,42.009607,21
19115.0,-91.259929,41.22579,21
19117.0,-93.313045,41.021148,37
19119.0,-96.218544,43.385265,17
19121.0,-93.989405,41.347064,37
19123.0,-92.641016,41.31208,21
19125.0,-93.04269,41.35483,37
19127.0,-92.938421,42.031353,37
19129.0,-95.695267,41.04967,37
19131.0,-92.803247,43.336257,49
19133.0,-95.985135,42.063026,17
19135.0,-92.827682,41.035615,37
19137.0,-95.167995,41.008619,37
19139.0,-91.078997,41.464065,21
19141.0,-95.690881,43.126413,17
19143.0,-95.680373,43.38638,17
19145.0,-95.188476,40.747616,37
19147.0,-94.690212,43.099878,17
19149.0,-96.203431,42.747907,17
19151.0,-94.700868,42.745402,17
19153.0,-93.641654,41.623296,37
19155.0,-95.79515,41.278533,37
19157.0,-92.620663,41.709953,21
19159.0,-94.23852,40.733763,37
19161.0,-95.088801,42.375805,17
19163.0,-90.567812,41.563153,21
19165.0,-95.320336,41.665153,37
19167.0,-96.16727,43.079825,17
19169.0,-93.601827,42.026371,37
19171.0,-92.542587,42.065599,21
19173.0,-94.673438,40.755364,37
19175.0,-94.318925,41.053083,37
19177.0,-91.939134,40.745557,21
19179.0,-92.418385,41.016218,21
19181.0,-93.588243,41.400885,37
19183.0,-91.695465,41.361978,21
19185.0,-93.312926,40.740054,37
19187.0,-94.179066,42.480374,37
19189.0,-93.667031,43.34288,49
19191.0,-91.814375,43.281284,49
19193.0,-96.344174,42.483225,17
19195.0,-93.252258,43.36654,49
19197.0,-93.755488,42.732195,49
20001.0,-95.367053,37.896584,65
20003.0,-95.264386,38.250112,65
20005.0,-95.181488,39.555583,37
20007.0,-98.557384,37.212182,65
20009.0,-98.757739,38.394738,65
20011.0,-94.749443,37.845557,2
20013.0,-95.550384,39.801273,37
20015.0,-96.989771,37.727135,65
20017.0,-96.559378,38.358336,65
20019.0,-96.231466,37.111002,65
20021.0,-94.755079,37.115229,2
20023.0,-101.738994,39.768136,19
20025.0,-99.873033,37.290453,38
20027.0,-97.12257,39.356195,65
20029.0,-97.637247,39.53395,62
20031.0,-95.739982,38.247657,65
20033.0,-99.365215,37.23627,38
20035.0,-96.997786,37.174285,65
20037.0,-94.731394,37.439934,2
20039.0,-100.490859,39.804329,38
20041.0,-97.149128,38.881314,65
20043.0,-95.07501,39.788642,37
20045.0,-95.251337,38.941783,37
20047.0,-99.354911,37.914412,38
20049.0,-96.236702,37.421638,65
20051.0,-99.32999,38.88156,38
20053.0,-98.262851,38.721016,65
20055.0,-100.86582,37.97733,38
20057.0,-99.994842,37.751112,38
20059.0,-95.260071,38.602731,65
20061.0,-96.83925,39.03865,65
20063.0,-100.374241,39.047631,38
20065.0,-99.857852,39.359746,38
20067.0,-101.34973,37.580306,38
20069.0,-100.412964,37.726577,38
20071.0,-101.763211,38.487089,38
20073.0,-96.226569,37.85753,65
20075.0,-101.76766,37.979185,38
20077.0,-98.051218,37.215092,65
20079.0,-97.385273,38.047085,65
20081.0,-100.89411,37.500029,38
20083.0,-99.867564,38.083504,38
20085.0,-95.751346,39.400924,37
20087.0,-95.397856,39.210891,37
20089.0,-98.201227,39.775457,62
20091.0,-94.737132,38.928049,37
20093.0,-101.237967,37.954211,38
20095.0,-98.097712,37.608437,65
20097.0,-99.257059,37.598711,38
20099.0,-95.260544,37.258236,65
20101.0,-100.487778,38.503002,38
20103.0,-94.959302,39.238518,37
20105.0,-98.175271,39.036065,62
20107.0,-94.801632,38.237359,2
20109.0,-100.925261,39.098288,38
20111.0,-96.179779,38.416154,65
20113.0,-97.647603,38.381163,65
20115.0,-97.124507,38.326437,65
20117.0,-96.573612,39.800028,37
20119.0,-100.394216,37.292089,38
20121.0,-94.836385,38.590405,37
20123.0,-98.174198,39.454968,62
20125.0,-95.695334,37.139982,65
20127.0,-96.588826,38.698154,65
20129.0,-101.838333,37.047093,38
20131.0,-95.962628,39.829915,37
20133.0,-95.39482,37.624963,65
20135.0,-99.898826,38.492429,38
20137.0,-99.878289,39.820601,62
20139.0,-95.711621,38.698945,65
20141.0,-98.707572,39.424792,62
20143.0,-97.681833,39.096434,65
20145.0,-99.147286,38.178541,38
20147.0,-99.349355,39.757048,62
20149.0,-96.316121,39.258473,65
20151.0,-98.731177,37.645065,65
20153.0,-101.053756,39.807807,38
20155.0,-97.933041,38.050915,65
20157.0,-97.659183,39.818188,62
20159.0,-98.201028,38.321963,65
20161.0,-96.633015,39.189473,65
20163.0,-99.316791,39.314266,62
20165.0,-99.283593,38.525797,38
20167.0,-98.824959,38.904508,62
20169.0,-97.606733,38.815777,65
20171.0,-100.913605,38.482303,38
20173.0,-97.344603,37.678808,65
20175.0,-100.9161,37.052196,38
20177.0,-95.705467,39.035591,37
20179.0,-100.467964,39.36791,38
20181.0,-101.726283,39.349294,38
20183.0,-98.809623,39.770675,62
20185.0,-98.736685,38.00686,65
20187.0,-101.756238,37.566267,38
20189.0,-101.322335,37.190103,38
20191.0,-97.406852,37.304076,65
20193.0,-101.04619,39.38443,38
20195.0,-99.881979,39.004452,38
20197.0,-96.177572,38.984769,65
20199.0,-101.765288,38.888589,38
20201.0,-97.054087,39.782029,62
20203.0,-101.349386,38.494297,38
20205.0,-95.741217,37.512574,65
20207.0,-95.739522,37.8733,65
20209.0,-94.707937,39.104143,37
21001.0,-85.279096,37.107756,46
21003.0,-86.208056,36.747908,46
21005.0,-84.923071,38.028088,10
21007.0,-88.97886,37.04421,68
21009.0,-85.931813,36.996774,46
21011.0,-83.73656,38.139441,10
21013.0,-83.701396,36.687928,44
21015.0,-84.679715,38.9871,10
21017.0,-84.246611,38.202978,10
21019.0,-82.666548,38.431905,44
21021.0,-84.799493,37.635777,10
21023.0,-84.070088,38.702562,10
21025.0,-83.37768,37.520092,44
21027.0,-86.410471,37.770382,10
21029.0,-85.655385,38.022943,10
21031.0,-86.680574,37.218921,46
21033.0,-87.87922,37.127446,68
21035.0,-88.305814,36.620185,68
21037.0,-84.44141,39.035049,10
21039.0,-88.94788,36.854337,68
21041.0,-85.139328,38.668554,10
21043.0,-83.03816,38.313503,44
21045.0,-84.924168,37.303319,10
21047.0,-87.478173,36.810955,68
21049.0,-84.182232,37.986825,10
21051.0,-83.746759,37.169598,44
21053.0,-85.135223,36.713992,46
21055.0,-88.095078,37.332496,68
21057.0,-85.389079,36.778888,46
21059.0,-87.094971,37.747732,68
21061.0,-86.255277,37.196775,46
21063.0,-83.106515,38.122128,44
21065.0,-83.988899,37.706277,10
21067.0,-84.496639,38.020523,10
21069.0,-83.708286,38.388567,10
21071.0,-82.738526,37.552299,44
21073.0,-84.867592,38.196045,10
21075.0,-89.035017,36.538176,68
21077.0,-84.842979,38.764401,10
21079.0,-84.575557,37.649333,10
21081.0,-84.602069,38.688104,10
21083.0,-88.650362,36.741213,68
21085.0,-86.306723,37.46909,46
21087.0,-85.538944,37.265597,46
21089.0,-82.812206,38.555431,51
21091.0,-86.804762,37.868017,68
21093.0,-85.917039,37.746047,10
21095.0,-83.232825,36.865625,44
21097.0,-84.314823,38.415966,10
21099.0,-85.885789,37.278157,46
21101.0,-87.564405,37.818482,68
21103.0,-85.179495,38.431904,10
21105.0,-88.959953,36.666725,68
21107.0,-87.523154,37.305866,68
21109.0,-83.99368,37.402802,44
21111.0,-85.691832,38.201775,10
21113.0,-84.587046,37.884455,10
21115.0,-82.813992,37.829598,44
21117.0,-84.548581,39.01319,10
21119.0,-82.940555,37.32759,44
21121.0,-83.915231,36.901584,44
21123.0,-85.723408,37.544796,10
21125.0,-84.087834,37.091397,44
21127.0,-82.681643,38.078995,44
21129.0,-83.701692,37.591773,44
21131.0,-83.37635,37.115255,44
21133.0,-82.807173,37.14583,44
21135.0,-83.347091,38.562531,10
21137.0,-84.669872,37.473121,10
21139.0,-88.350899,37.135813,68
21141.0,-86.865922,36.85949,46
21143.0,-88.079778,37.060704,68
21145.0,-88.648273,37.048079,68
21147.0,-84.446083,36.715761,46
21149.0,-87.219315,37.513232,68
21151.0,-84.287451,37.70616,10
21153.0,-83.056234,37.729816,44
21155.0,-85.287195,37.569587,10
21157.0,-88.339329,36.898302,68
21159.0,-82.51692,37.830545,44
21161.0,-83.788535,38.616398,10
21163.0,-86.132811,37.934298,10
21165.0,-83.598399,37.939449,10
21167.0,-84.849691,37.785009,10
21169.0,-85.641586,36.990816,46
21171.0,-85.729921,36.708328,46
21173.0,-83.917436,38.035773,10
21175.0,-83.266566,37.91274,44
21177.0,-87.14704,37.23809,68
21179.0,-85.460371,37.818018,10
21181.0,-84.023779,38.327655,10
21183.0,-86.864293,37.465058,68
21185.0,-85.459538,38.372848,10
21187.0,-84.831925,38.531935,10
21189.0,-83.684099,37.452097,44
21191.0,-84.359742,38.715798,10
21193.0,-83.20106,37.257625,44
21195.0,-82.420659,37.463505,44
21197.0,-83.88113,37.852293,10
21199.0,-84.614645,37.092819,10
21201.0,-84.048848,38.520826,10
21203.0,-84.348396,37.381612,10
21205.0,-83.442318,38.194616,10
21207.0,-85.05932,37.029336,46
21209.0,-84.570575,38.231691,10
21211.0,-85.230241,38.213513,10
21213.0,-86.572109,36.733285,46
21215.0,-85.350915,38.059721,10
21217.0,-85.343425,37.350402,10
21219.0,-87.171454,36.81176,68
21221.0,-87.836202,36.847047,68
21223.0,-85.332526,38.620698,10
21225.0,-87.926958,37.653315,68
21227.0,-86.434563,36.970396,46
21229.0,-85.190875,37.738655,10
21231.0,-84.844614,36.837888,46
21233.0,-87.687044,37.499711,68
21235.0,-84.140995,36.809692,44
21237.0,-83.510902,37.740622,44
21239.0,-84.727271,38.050068,10
22001.0,-92.351799,30.278555,71
22003.0,-92.774458,30.669387,71
22005.0,-90.934028,30.248525,71
22007.0,-91.06645,29.922957,71
22009.0,-92.062566,31.053586,71
22011.0,-93.287136,30.733885,31
22013.0,-93.080261,32.388898,33
22015.0,-93.656675,32.555697,33
22017.0,-93.800831,32.472074,31
22019.0,-93.261485,30.227531,31
22021.0,-92.103757,32.078215,71
22023.0,-93.212142,29.956693,31
22025.0,-91.824471,31.696936,71
22027.0,-93.03306,32.833682,33
22029.0,-91.545991,31.592783,71
22031.0,-93.776734,32.10498,31
22033.0,-91.100943,30.462492,71
22035.0,-91.19516,32.770972,71
22037.0,-91.089224,30.826843,71
22039.0,-92.362231,30.685722,71
22041.0,-91.696268,32.143813,71
22043.0,-92.542816,31.534149,71
22045.0,-91.810231,29.994199,71
22047.0,-91.234302,30.272099,71
22049.0,-92.646015,32.280659,33
22051.0,-90.153175,29.945261,71
22053.0,-92.738028,30.240194,71
22055.0,-92.043759,30.205215,71
22057.0,-90.615099,29.679993,71
22059.0,-92.172553,31.730558,71
22061.0,-92.64793,32.549258,33
22063.0,-90.840765,30.483388,71
22065.0,-91.196834,32.397648,71
22067.0,-91.886161,32.786393,71
22069.0,-93.097361,31.759482,31
22071.0,-90.05284,29.972699,71
22073.0,-92.129634,32.514346,71
22075.0,-89.90076,29.72176,71
22077.0,-91.50006,30.67107,71
22079.0,-92.457473,31.28458,71
22081.0,-93.307602,32.054629,31
22083.0,-91.714756,32.441085,71
22085.0,-93.566643,31.581882,31
22087.0,-89.934425,29.928239,71
22089.0,-90.376773,29.939397,71
22091.0,-90.693879,30.788338,71
22093.0,-90.737207,30.020769,71
22095.0,-90.513417,30.071497,71
22097.0,-92.111314,30.514029,71
22099.0,-91.835169,30.229052,71
22101.0,-91.344782,29.740593,71
22103.0,-89.948329,30.383308,71
22105.0,-90.455513,30.571611,71
22107.0,-91.297084,31.964792,71
22109.0,-90.722239,29.592812,71
22111.0,-92.404307,32.794504,33
22113.0,-92.165923,29.993689,71
22115.0,-93.245823,31.094949,31
22117.0,-89.996174,30.835918,71
22119.0,-93.340925,32.7001,33
22121.0,-91.264463,30.443957,71
22123.0,-91.431802,32.816551,71
22125.0,-91.404737,30.893607,71
22127.0,-92.676588,31.929892,71
23001.0,-70.201312,44.119069,28
23003.0,-68.086628,46.705048,28
23005.0,-70.305589,43.748088,28
23007.0,-70.225634,44.70749,28
23009.0,-68.467743,44.471475,28
23011.0,-69.749178,44.396102,28
23013.0,-69.162849,44.129786,28
23015.0,-69.555057,44.032332,28
23017.0,-70.61336,44.28237,28
23019.0,-68.79423,44.953036,28
23021.0,-69.263375,45.242097,28
23023.0,-69.869704,43.956202,28
23025.0,-69.685757,44.821921,28
23027.0,-69.086553,44.491137,28
23029.0,-67.464919,44.863591,28
23031.0,-70.640561,43.424108,34
24001.0,-78.822261,39.629197,9
24003.0,-76.598917,39.067301,7
24005.0,-76.620366,39.369252,7
24009.0,-76.542042,38.548518,7
24011.0,-75.831491,38.874331,7
24013.0,-76.9931,39.527218,7
24015.0,-75.936585,39.613824,23
24017.0,-76.953006,38.578559,7
24019.0,-76.009758,38.570623,7
24021.0,-77.400231,39.432254,7
24023.0,-79.303138,39.512187,9
24025.0,-76.310879,39.521376,23
24027.0,-76.856729,39.219271,7
24029.0,-76.058525,39.24506,23
24031.0,-77.122862,39.086185,7
24033.0,-76.889947,38.908576,7
24035.0,-76.148099,39.022436,7
24037.0,-76.578864,38.307326,7
24039.0,-75.743445,38.132883,7
24041.0,-76.098126,38.769665,7
24043.0,-77.731386,39.617574,3
24045.0,-75.595082,38.371571,7
24047.0,-75.238169,38.301936,7
24510.0,-76.619614,39.314892,7
25001.0,-70.333968,41.690216,34
25003.0,-73.216577,42.460781,34
25005.0,-71.108301,41.793219,34
25007.0,-70.602745,41.421286,34
25009.0,-70.987816,42.62479,34
25011.0,-72.558703,42.578289,34
25013.0,-72.575325,42.125927,34
25015.0,-72.573322,42.312537,34
25017.0,-71.255223,42.448546,34
25019.0,-70.09112,41.267912,34
25021.0,-71.14756,42.202695,34
25023.0,-70.853689,42.023962,34
25025.0,-71.078632,42.334806,34
25027.0,-71.805321,42.303704,34
26001.0,-83.467594,44.665115,47
26003.0,-86.70041,46.388671,66
26005.0,-85.874288,42.603137,47
26007.0,-83.504463,45.050953,47
26009.0,-85.198692,44.978647,47
26011.0,-83.88273,44.044496,47
26013.0,-88.45426,46.765021,66
26015.0,-85.341744,42.614153,47
26017.0,-83.928385,43.630574,47
26019.0,-86.016123,44.650382,47
26021.0,-86.407539,41.987514,73
26023.0,-85.031761,41.929764,47
26025.0,-85.101835,42.289509,47
26027.0,-86.040589,41.891974,73
26029.0,-85.115158,45.247029,47
26031.0,-84.518691,45.512741,47
26033.0,-84.395364,46.367641,47
26035.0,-84.826409,43.945731,47
26037.0,-84.55503,42.891278,47
26039.0,-84.666533,44.655061,47
26041.0,-87.066378,45.802381,66
26043.0,-88.01381,45.833651,66
26045.0,-84.740485,42.64387,47
26047.0,-84.908934,45.433951,47
26049.0,-83.694732,43.006414,47
26051.0,-84.437377,43.967071,47
26053.0,-89.978538,46.435975,66
26055.0,-85.607171,44.710656,47
26057.0,-84.629372,43.343314,47
26059.0,-84.603983,41.917025,47
26061.0,-88.54161,47.12765,66
26063.0,-83.061783,43.833604,47
26065.0,-84.487816,42.68888,47
26067.0,-85.085925,42.956879,47
26069.0,-83.53696,44.356582,47
26071.0,-88.534279,46.098021,66
26073.0,-84.799832,43.607247,47
26075.0,-84.406366,42.241313,47
26077.0,-85.584896,42.26348,47
26079.0,-85.166074,44.720698,47
26081.0,-85.626605,42.963793,47
26083.0,-88.30247,47.333639,66
26085.0,-85.798358,43.95981,47
26087.0,-83.250561,43.059695,47
26089.0,-85.732585,44.909768,47
26091.0,-84.052388,41.925187,47
26093.0,-83.857596,42.573054,47
26095.0,-85.550951,46.334456,47
26097.0,-84.879992,45.997905,47
26099.0,-82.957388,42.58689,47
26101.0,-86.188019,44.303916,47
26103.0,-87.494598,46.486961,66
26105.0,-86.347842,43.974937,47
26107.0,-85.388822,43.653562,47
26109.0,-87.582124,45.341048,66
26111.0,-84.298064,43.642775,47
26113.0,-85.179438,44.305822,47
26115.0,-83.485782,41.900249,47
26117.0,-85.180571,43.288474,47
26119.0,-84.123031,44.999428,47
26121.0,-86.215441,43.244173,47
26123.0,-85.809843,43.46692,47
26125.0,-83.310386,42.587535,47
26127.0,-86.304176,43.632703,47
26129.0,-84.123289,44.287569,47
26131.0,-89.2851,46.720246,66
26133.0,-85.351195,43.965561,47
26135.0,-84.147141,44.696783,47
26137.0,-84.666879,45.006777,47
26139.0,-86.021326,42.909362,47
26141.0,-83.873629,45.356834,47
26143.0,-84.649836,44.364864,47
26145.0,-83.993736,43.3982,47
26147.0,-82.564383,42.911355,47
26149.0,-85.52719,41.888048,47
26151.0,-82.779371,43.364275,47
26153.0,-86.227647,46.004789,66
26155.0,-84.147237,42.942805,47
26157.0,-83.435718,43.429727,47
26159.0,-86.00994,42.260692,47
26161.0,-83.727147,42.256943,47
26163.0,-83.217933,42.33261,47
26165.0,-85.485562,44.307684,47
27001.0,-93.524368,46.570765,49
27003.0,-93.270245,45.195145,49
27005.0,-95.776251,46.849159,30
27007.0,-94.863032,47.591009,30
27009.0,-94.102484,45.633538,49
27011.0,-96.443222,45.400021,30
27013.0,-93.998839,44.129816,49
27015.0,-94.599226,44.284244,49
27017.0,-92.536239,46.642726,49
27019.0,-93.679956,44.83804,49
27021.0,-94.415763,46.814565,30
27023.0,-95.620749,44.960561,17
27025.0,-92.924051,45.453007,49
27027.0,-96.672421,46.857998,30
27029.0,-95.388249,47.561894,30
27031.0,-90.337909,47.783499,66
27033.0,-95.119501,43.94151,17
27035.0,-94.158899,46.430372,30
27037.0,-93.151767,44.765954,49
27039.0,-92.808798,44.02998,49
27041.0,-95.39199,45.909027,30
27043.0,-93.957933,43.680245,49
27045.0,-92.082719,43.692687,49
27047.0,-93.361794,43.662563,49
27049.0,-92.667524,44.449072,49
27051.0,-95.936611,45.943212,30
27053.0,-93.36119,44.974633,49
27055.0,-91.440063,43.718927,49
27057.0,-94.934153,47.057887,30
27059.0,-93.261468,45.544297,49
27061.0,-93.520532,47.315978,30
27063.0,-95.112558,43.665988,17
27065.0,-93.299412,45.886315,49
27067.0,-95.016796,45.15505,17
27069.0,-96.781108,48.729536,30
27071.0,-93.485728,48.509405,30
27073.0,-96.133339,44.982243,17
27075.0,-91.55743,47.180205,49
27077.0,-94.745194,48.765863,30
27079.0,-93.717527,44.39373,49
27081.0,-96.253532,44.375241,17
27083.0,-95.795395,44.428427,17
27085.0,-94.264668,44.859713,49
27087.0,-95.840755,47.296073,30
27089.0,-96.532098,48.310109,30
27091.0,-94.511487,43.665285,49
27093.0,-94.482983,45.136368,49
27095.0,-93.624487,45.794231,49
27097.0,-94.327628,45.983428,49
27099.0,-92.898185,43.665099,49
27101.0,-95.74103,43.98645,17
27103.0,-94.06079,44.265357,49
27105.0,-95.667405,43.636327,17
27107.0,-96.477907,47.307989,30
27109.0,-92.473176,44.023967,49
27111.0,-95.793598,46.405065,30
27113.0,-96.148403,48.102255,30
27115.0,-92.892705,46.03341,49
27117.0,-96.270609,43.981472,17
27119.0,-96.550934,47.780427,30
27121.0,-95.43713,45.629871,30
27123.0,-93.106321,44.993146,49
27125.0,-96.135646,47.876104,30
27127.0,-95.195158,44.43888,17
27129.0,-94.937875,44.721974,17
27131.0,-93.260361,44.370592,49
27133.0,-96.238816,43.648101,17
27135.0,-95.648394,48.821304,30
27137.0,-92.311226,47.085203,49
27139.0,-93.467891,44.713131,49
27141.0,-93.721897,45.404646,49
27143.0,-94.168405,44.582707,49
27145.0,-94.360801,45.55783,49
27147.0,-93.214413,44.064305,49
27149.0,-95.926026,45.580687,30
27151.0,-95.64442,45.274076,30
27153.0,-94.886512,46.066924,30
27155.0,-96.54917,45.751079,30
27157.0,-92.221086,44.297858,49
27159.0,-95.04137,46.524393,30
27161.0,-93.549998,44.061,49
27163.0,-92.920897,44.988623,49
27165.0,-94.583786,43.993423,49
27167.0,-96.529683,46.316536,30
27169.0,-91.714435,44.023706,49
27171.0,-93.828888,45.197631,49
27173.0,-95.825953,44.737553,17
28001.0,-91.352164,31.547641,71
28003.0,-88.531068,34.908785,53
28005.0,-90.817613,31.180019,71
28007.0,-89.586852,33.066234,53
28009.0,-89.204186,34.81011,53
28011.0,-90.775341,33.77228,53
28013.0,-89.306905,33.929772,53
28015.0,-89.918375,33.458389,53
28017.0,-88.931815,33.932227,53
28019.0,-89.236281,33.342151,53
28021.0,-90.954141,31.935954,71
28023.0,-88.730627,32.062753,71
28025.0,-88.69246,33.62459,53
28027.0,-90.569863,34.222427,53
28029.0,-90.3792,31.889652,71
28031.0,-89.548718,31.637591,71
28033.0,-89.956695,34.9304,53
28035.0,-89.287875,31.309039,71
28037.0,-90.872761,31.473218,71
28039.0,-88.592895,30.870536,71
28041.0,-88.626139,31.193014,71
28043.0,-89.802799,33.768122,53
28045.0,-89.405662,30.379392,71
28047.0,-89.063834,30.432955,71
28049.0,-90.255669,32.303868,71
28051.0,-90.0284,33.090289,53
28053.0,-90.519097,33.161583,53
28055.0,-91.006351,32.867279,71
28057.0,-88.40269,34.292221,53
28059.0,-88.660684,30.44437,71
28061.0,-89.144535,31.966737,71
28063.0,-91.055531,31.714659,71
28065.0,-89.814551,31.574917,71
28067.0,-89.16512,31.668673,71
28069.0,-88.677908,32.759967,53
28071.0,-89.526937,34.361506,53
28073.0,-89.438738,31.264156,71
28075.0,-88.691796,32.400679,53
28077.0,-90.109256,31.555383,71
28079.0,-89.504736,32.725455,53
28081.0,-88.702989,34.274735,53
28083.0,-90.209073,33.513076,53
28085.0,-90.456276,31.550891,71
28087.0,-88.392697,33.515351,53
28089.0,-90.098347,32.510711,71
28091.0,-89.829694,31.244447,71
28093.0,-89.542843,34.815764,53
28095.0,-88.498114,33.925912,53
28097.0,-89.682988,33.496574,53
28099.0,-89.117671,32.754204,53
28101.0,-89.128073,32.41204,71
28103.0,-88.54983,33.13112,53
28105.0,-88.828709,33.449231,53
28107.0,-89.938355,34.350009,53
28109.0,-89.63173,30.641968,71
28111.0,-88.991988,31.262821,71
28113.0,-90.436396,31.216057,71
28115.0,-89.011424,34.252502,53
28117.0,-88.552652,34.631502,53
28119.0,-90.262854,34.27262,53
28121.0,-90.033002,32.279373,71
28123.0,-89.529197,32.401463,71
28125.0,-90.859408,32.924745,71
28127.0,-89.853775,31.916008,71
28129.0,-89.506985,31.971849,71
28131.0,-89.136496,30.809011,71
28133.0,-90.584058,33.594123,53
28135.0,-90.197125,33.983144,53
28137.0,-89.948155,34.64608,53
28139.0,-88.925793,34.767895,53
28141.0,-88.228366,34.723482,53
28143.0,-90.348008,34.709638,53
28145.0,-89.007903,34.484262,53
28147.0,-90.121389,31.151622,71
28149.0,-90.845245,32.325884,71
28151.0,-91.010964,33.37108,53
28153.0,-88.659321,31.650101,71
28155.0,-89.226172,33.582221,53
28157.0,-91.238269,31.121531,71
28159.0,-89.042843,33.084925,53
28161.0,-89.693557,34.080595,53
28163.0,-90.380241,32.82849,71
29001.0,-92.582446,40.19566,21
29003.0,-94.818293,39.922565,37
29005.0,-95.437688,40.421105,37
29007.0,-91.821071,39.205358,21
29009.0,-93.862744,36.735065,2
29011.0,-94.308903,37.495228,2
29013.0,-94.362322,38.276163,2
29015.0,-93.308948,38.302689,2
29017.0,-89.998323,37.338242,68
29019.0,-92.321523,38.959866,2
29021.0,-94.821954,39.750602,37
29023.0,-90.413589,36.75379,68
29025.0,-93.994816,39.664765,37
29027.0,-91.993447,38.802239,2
29029.0,-92.749496,38.072828,2
29031.0,-89.60625,37.353894,68
29033.0,-93.495631,39.410155,37
29035.0,-90.897277,36.949427,2
29037.0,-94.423526,38.746895,37
29039.0,-93.895022,37.767996,2
29041.0,-92.934967,39.486626,37
29043.0,-93.262511,37.025687,2
29045.0,-91.704732,40.413068,21
29047.0,-94.49392,39.251395,37
29049.0,-94.370131,39.602093,37
29051.0,-92.218634,38.552393,2
29053.0,-92.772604,38.909615,2
29055.0,-91.322802,38.059819,2
29057.0,-93.829944,37.415613,2
29059.0,-93.067095,37.643825,2
29061.0,-93.983258,39.942683,37
29063.0,-94.340504,39.81961,37
29065.0,-91.542131,37.630684,2
29067.0,-92.588247,36.939746,2
29069.0,-90.059209,36.326743,68
29071.0,-90.999826,38.432966,2
29073.0,-91.491625,38.45363,2
29075.0,-94.439143,40.199987,37
29077.0,-93.3083,37.193837,2
29079.0,-93.595469,40.091968,37
29081.0,-94.000823,40.313851,37
29083.0,-93.736873,38.394758,2
29085.0,-93.330251,37.910659,2
29087.0,-95.199972,40.092393,37
29089.0,-92.705762,39.139325,2
29091.0,-91.873823,36.793133,2
29093.0,-90.711599,37.571851,68
29095.0,-94.446137,39.010332,37
29097.0,-94.443436,37.128993,2
29099.0,-90.475744,38.340593,68
29101.0,-93.770312,38.757209,2
29103.0,-92.150669,40.151668,21
29105.0,-92.65456,37.669645,2
29107.0,-93.840082,39.056329,37
29109.0,-93.797074,37.035398,2
29111.0,-91.649082,40.085505,21
29113.0,-90.928671,39.003625,21
29115.0,-93.065191,39.796774,37
29117.0,-93.554324,39.795916,37
29119.0,-94.39808,36.618064,2
29121.0,-92.51033,39.798522,21
29123.0,-90.300055,37.535795,68
29125.0,-91.878062,38.171917,2
29127.0,-91.455661,39.740805,21
29129.0,-93.575859,40.418591,37
29131.0,-92.507085,38.247837,2
29133.0,-89.365459,36.857051,68
29135.0,-92.616373,38.628938,2
29137.0,-91.973958,39.520553,21
29139.0,-91.468473,38.950802,21
29141.0,-92.850304,38.381506,2
29143.0,-89.65871,36.605307,68
29145.0,-94.41138,36.921798,2
29147.0,-94.867916,40.352749,37
29149.0,-91.464771,36.618129,2
29151.0,-91.883136,38.453819,2
29153.0,-92.424289,36.62309,2
29155.0,-89.748715,36.181794,68
29157.0,-89.857097,37.713672,68
29159.0,-93.246549,38.702201,2
29161.0,-91.748715,37.942882,2
29163.0,-91.156139,39.363535,21
29165.0,-94.684698,39.262166,37
29167.0,-93.404415,37.601813,2
29169.0,-92.1773,37.824257,2
29171.0,-92.979269,40.480842,37
29173.0,-91.468633,39.57958,21
29175.0,-92.451935,39.412906,21
29177.0,-94.06127,39.335641,37
29179.0,-90.972986,37.336586,2
29181.0,-90.791802,36.627212,2
29183.0,-90.659755,38.776604,21
29185.0,-93.765606,38.056009,2
29186.0,-90.168495,37.939468,68
29187.0,-90.492254,37.835573,68
29189.0,-90.386218,38.647121,68
29195.0,-93.204898,39.111933,2
29197.0,-92.521984,40.461815,21
29199.0,-92.146652,40.448001,21
29201.0,-89.577839,37.014498,68
29203.0,-91.429472,37.069627,2
29205.0,-92.077052,39.761774,21
29207.0,-89.969639,36.850777,68
29209.0,-93.438433,36.717605,2
29211.0,-93.103734,40.217733,37
29213.0,-93.189979,36.656706,2
29215.0,-91.968488,37.328457,2
29217.0,-94.340355,37.835598,2
29219.0,-91.10358,38.788663,21
29221.0,-90.785675,37.953147,68
29223.0,-90.512622,37.107087,68
29225.0,-92.907363,37.263337,2
29227.0,-94.438797,40.482258,37
29229.0,-92.429174,37.192204,2
29510.0,-90.252991,38.623609,68
30001.0,-112.696186,45.221056,40
30003.0,-107.502778,45.565831,41
30005.0,-108.899086,48.441261,41
30007.0,-111.535578,46.302846,40
30009.0,-109.084478,45.321484,41
30011.0,-104.523733,45.679127,29
30013.0,-111.306258,47.491839,40
30015.0,-110.403274,47.956366,41
30017.0,-105.817008,46.403369,29
30019.0,-105.43032,48.783416,29
30021.0,-104.750559,47.134482,29
30023.0,-112.954087,46.137755,40
30025.0,-104.309448,46.358863,29
30027.0,-109.417095,47.097548,41
30029.0,-114.279524,48.247204,70
30031.0,-111.128283,45.682805,40
30033.0,-106.97783,47.299773,41
30035.0,-112.799156,48.60292,40
30037.0,-109.139695,46.287061,41
30039.0,-113.293879,46.448832,40
30041.0,-109.762794,48.515786,41
30043.0,-112.053101,46.254092,40
30045.0,-110.177445,47.102395,41
30047.0,-114.120003,47.601938,40
30049.0,-112.021955,46.64477,40
30051.0,-111.000283,48.563509,40
30053.0,-115.437677,48.545504,70
30055.0,-105.644548,47.561984,29
30057.0,-111.949217,45.43599,40
30059.0,-110.875445,46.526827,40
30061.0,-114.899744,47.185566,70
30063.0,-114.019007,46.875472,40
30065.0,-108.490425,46.417552,41
30067.0,-110.599015,45.59709,40
30069.0,-108.296716,47.012441,41
30071.0,-107.857685,48.374315,41
30073.0,-112.14458,48.210126,40
30075.0,-105.535004,45.440737,45
30077.0,-112.760484,46.449212,40
30079.0,-105.269953,46.807847,29
30081.0,-114.117267,46.352649,40
30083.0,-104.203904,47.718572,29
30085.0,-105.24766,48.132541,29
30087.0,-106.611337,45.907996,45
30089.0,-115.177085,47.636131,70
30091.0,-104.499376,48.737464,29
30093.0,-112.524356,45.98796,40
30095.0,-109.249493,45.613806,41
30097.0,-109.915919,45.830248,41
30099.0,-112.054612,47.771875,40
30101.0,-111.85338,48.585262,40
30103.0,-107.241002,46.255884,41
30105.0,-106.546143,48.233939,41
30107.0,-109.844091,46.459736,41
30109.0,-104.196159,46.969011,29
30111.0,-108.539417,45.791309,41
31001.0,-98.414536,40.583763,62
31003.0,-98.05683,42.149596,62
31005.0,-101.673813,41.569808,19
31007.0,-103.702088,41.557925,19
31009.0,-100.007203,41.901108,62
31011.0,-98.01636,41.68018,62
31013.0,-102.903704,42.13504,19
31015.0,-98.730816,42.891084,62
31017.0,-99.852141,42.538836,62
31019.0,-99.07016,40.737667,62
31021.0,-96.34254,41.845797,17
31023.0,-97.141234,41.248949,62
31025.0,-96.062535,40.946526,37
31027.0,-97.25486,42.576273,17
31029.0,-101.619767,40.500254,19
31031.0,-100.754886,42.784561,19
31033.0,-102.982623,41.166245,19
31035.0,-98.029666,40.545465,62
31037.0,-97.076554,41.517571,62
31039.0,-96.759175,41.897578,17
31041.0,-99.672832,41.401093,62
31043.0,-96.441515,42.445678,17
31045.0,-103.066266,42.785306,19
31047.0,-99.858944,40.828531,62
31049.0,-102.345568,41.088793,19
31051.0,-96.830002,42.438517,17
31053.0,-96.53063,41.473485,62
31055.0,-96.061471,41.25991,37
31057.0,-101.601584,40.093189,19
31059.0,-97.578024,40.540682,62
31061.0,-98.946914,40.187621,62
31063.0,-100.404194,40.607972,62
31065.0,-99.925599,40.248006,62
31067.0,-96.714139,40.274482,62
31069.0,-102.320765,41.422768,19
31071.0,-99.107238,41.800943,62
31073.0,-99.830993,40.592124,62
31075.0,-101.731402,41.984368,19
31077.0,-98.497703,41.556319,62
31079.0,-98.377535,40.915597,62
31081.0,-98.021089,40.878695,62
31083.0,-99.40221,40.145693,62
31085.0,-101.058515,40.49563,19
31087.0,-101.006845,40.211961,19
31089.0,-98.742988,42.4584,62
31091.0,-101.062839,42.016041,19
31093.0,-98.493475,41.189549,62
31095.0,-97.140354,40.164028,62
31097.0,-96.228933,40.401369,37
31099.0,-98.992742,40.506264,62
31101.0,-101.696492,41.141877,19
31103.0,-99.703607,42.868344,62
31105.0,-103.660711,41.232889,19
31107.0,-97.786962,42.61911,17
31109.0,-96.673551,40.801058,62
31111.0,-100.78923,41.119635,19
31113.0,-100.500737,41.484178,19
31115.0,-99.402546,41.816483,62
31117.0,-100.986347,41.57331,19
31119.0,-97.461692,42.003908,62
31121.0,-98.039353,41.1312,62
31123.0,-103.159224,41.707123,19
31125.0,-97.895028,41.403829,62
31127.0,-95.836309,40.403957,37
31129.0,-98.061108,40.115021,62
31131.0,-96.029874,40.669495,37
31133.0,-96.184059,40.134921,37
31135.0,-101.672531,40.847278,19
31137.0,-99.406756,40.468151,62
31139.0,-97.591986,42.262663,62
31141.0,-97.387409,41.469013,62
31143.0,-97.555813,41.174759,62
31145.0,-100.587807,40.205475,19
31147.0,-95.673464,40.099947,37
31149.0,-99.495235,42.536442,62
31151.0,-97.02001,40.578252,62
31153.0,-96.033892,41.153107,37
31155.0,-96.571016,41.199571,62
31157.0,-103.68038,41.865018,19
31159.0,-97.106037,40.873593,62
31161.0,-102.398893,42.699305,19
31163.0,-98.97165,41.223634,62
31165.0,-103.825082,42.379652,19
31167.0,-97.251636,41.985653,62
31169.0,-97.62535,40.179229,62
31171.0,-100.546734,41.966823,19
31173.0,-96.515688,42.159409,17
31175.0,-98.947749,41.57337,62
31177.0,-96.158296,41.507053,37
31179.0,-97.063062,42.22193,17
31181.0,-98.485192,40.200266,62
31183.0,-98.543873,41.880574,62
31185.0,-97.605431,40.864374,62
32001.0,-118.795661,39.473584,22
32003.0,-115.14994,36.143366,72
32005.0,-119.755928,38.956913,22
32007.0,-115.518595,40.870907,36
32009.0,-117.677756,37.708803,24
32011.0,-116.147686,39.866898,22
32013.0,-117.745055,41.034176,22
32015.0,-116.94321,40.520911,22
32017.0,-114.644504,37.6903,15
32019.0,-119.325133,39.34878,22
32021.0,-118.638693,38.590037,22
32023.0,-116.165792,36.468656,72
32027.0,-118.294549,40.34344,22
32029.0,-119.624138,39.389364,22
32031.0,-119.795493,39.535558,22
32033.0,-114.862381,39.273238,15
32510.0,-119.753711,39.166134,22
33001.0,-71.44059,43.5174,63
33003.0,-71.166412,43.810972,63
33005.0,-72.262715,42.898264,34
33007.0,-71.36275,44.550062,63
33009.0,-71.953268,43.838874,63
33011.0,-71.532928,42.879889,34
33013.0,-71.586214,43.246442,34
33015.0,-71.104266,42.936726,34
33017.0,-70.954943,43.247646,34
33019.0,-72.259352,43.367422,63
34001.0,-74.583452,39.427562,23
34003.0,-74.057383,40.918799,23
34005.0,-74.834269,39.982667,23
34007.0,-75.027836,39.86401,23
34009.0,-74.807133,39.095952,23
34011.0,-75.087728,39.428284,23
34013.0,-74.216402,40.768705,23
34015.0,-75.127456,39.749187,23
34017.0,-74.061278,40.742925,23
34019.0,-74.896782,40.572183,23
34021.0,-74.70034,40.255566,23
34023.0,-74.387921,40.485529,23
34025.0,-74.14773,40.291301,23
34027.0,-74.501661,40.859552,23
34029.0,-74.21461,39.973657,23
34031.0,-74.191473,40.925361,23
34033.0,-75.37658,39.625938,23
34035.0,-74.578798,40.561176,23
34037.0,-74.654037,41.091219,23
34039.0,-74.294239,40.659609,23
34041.0,-75.016426,40.795162,23
35001.0,-106.616039,35.107877,54
35003.0,-108.549207,33.928093,56
35005.0,-104.51261,33.364652,39
35006.0,-107.804609,35.113977,54
35007.0,-104.643736,36.702618,54
35009.0,-103.215708,34.420099,52
35011.0,-104.257875,34.465462,39
35013.0,-106.728697,32.247294,39
35015.0,-104.291387,32.547601,39
35017.0,-108.242693,32.780455,56
35019.0,-104.792489,34.930036,54
35021.0,-103.984528,35.861023,54
35023.0,-108.76674,32.275633,56
35025.0,-103.193711,32.753117,52
35027.0,-105.631173,33.420964,39
35028.0,-106.270283,35.868766,54
35029.0,-107.740412,32.217487,39
35031.0,-108.63423,35.511504,54
35033.0,-105.241049,35.99928,54
35035.0,-105.989844,32.806642,39
35037.0,-103.65613,35.180626,52
35039.0,-106.204801,36.201002,54
35041.0,-103.348217,34.167549,52
35043.0,-106.64926,35.328605,54
35045.0,-108.220647,36.72194,54
35047.0,-105.309684,35.573296,54
35049.0,-106.004953,35.630805,54
35051.0,-107.277841,33.109273,39
35053.0,-106.957793,34.153828,39
35055.0,-105.609376,36.433447,54
35057.0,-106.100997,34.867124,54
35059.0,-103.262118,36.455575,38
35061.0,-106.722542,34.752149,54
36001.0,-73.81304,42.678976,55
36003.0,-78.019297,42.228245,3
36005.0,-73.882363,40.849354,23
36007.0,-75.934245,42.121306,55
36009.0,-78.607656,42.224267,3
36011.0,-76.560044,42.93537,55
36013.0,-79.314671,42.246256,3
36015.0,-76.813046,42.118262,3
36017.0,-75.570326,42.481195,55
36019.0,-73.545325,44.730039,63
36021.0,-73.681049,42.273336,55
36023.0,-76.145474,42.59613,55
36025.0,-74.993985,42.244535,55
36027.0,-73.839417,41.681015,23
36029.0,-78.792596,42.889478,3
36031.0,-73.689906,44.174474,63
36033.0,-74.344365,44.712835,63
36035.0,-74.330346,43.059172,55
36037.0,-78.173095,42.999625,3
36039.0,-73.975873,42.299303,55
36041.0,-74.385121,43.612034,55
36043.0,-74.995034,43.070536,55
36045.0,-75.89664,44.019125,55
36047.0,-73.954811,40.650523,23
36049.0,-75.449321,43.789217,55
36051.0,-77.7642,42.766358,3
36053.0,-75.717386,42.984471,55
36055.0,-77.619988,43.161503,3
36057.0,-74.343088,42.933549,55
36059.0,-73.602242,40.716587,23
36061.0,-73.966303,40.777958,23
36063.0,-78.852109,43.134704,3
36065.0,-75.359106,43.147454,55
36067.0,-76.167442,43.067188,55
36069.0,-77.260129,42.899374,3
36071.0,-74.243059,41.422034,23
36073.0,-78.223294,43.248317,3
36075.0,-76.313145,43.391821,55
36077.0,-75.060062,42.563531,55
36079.0,-73.717247,41.411282,23
36081.0,-73.833451,40.721294,23
36083.0,-73.629889,42.699991,55
36085.0,-74.137304,40.588523,23
36087.0,-74.019039,41.127623,23
36089.0,-75.149708,44.651458,55
36091.0,-73.785787,43.008801,55
36093.0,-73.946182,42.809284,55
36095.0,-74.436027,42.642508,55
36097.0,-76.869122,42.387815,3
36099.0,-76.828521,42.827354,55
36101.0,-77.320329,42.266288,3
36103.0,-73.113775,40.821924,23
36105.0,-74.707459,41.700086,55
36107.0,-76.297151,42.12098,55
36109.0,-76.477416,42.460259,55
36111.0,-74.100745,41.841064,55
36113.0,-73.714626,43.396992,63
36115.0,-73.458693,43.290255,63
36117.0,-77.126682,43.143734,55
36119.0,-73.804532,41.040536,23
36121.0,-78.218884,42.725754,3
36123.0,-77.078037,42.633657,3
37001.0,-79.414193,36.071263,1
37003.0,-81.191638,35.890299,44
37005.0,-81.105731,36.498332,44
37007.0,-80.110145,34.972824,1
37009.0,-81.489759,36.415077,44
37011.0,-81.943907,36.07632,44
37013.0,-76.956571,35.519484,7
37015.0,-76.968883,36.083776,7
37017.0,-78.64109,34.607845,1
37019.0,-78.229195,34.03637,1
37021.0,-82.550087,35.587674,44
37023.0,-81.638347,35.730474,44
37025.0,-80.612525,35.399234,1
37027.0,-81.503741,35.873614,44
37029.0,-76.19176,36.36267,7
37031.0,-76.804454,34.746773,1
37033.0,-79.361931,36.402606,1
37035.0,-81.245839,35.695409,44
37037.0,-79.236572,35.744124,1
37039.0,-84.016472,35.106484,46
37041.0,-76.626254,36.116754,7
37043.0,-83.807512,35.035248,44
37045.0,-81.517017,35.292496,44
37047.0,-78.709221,34.27927,1
37049.0,-77.038555,35.066758,1
37051.0,-78.936138,35.056493,1
37053.0,-76.00904,36.391946,7
37055.0,-75.674875,35.907564,7
37057.0,-80.199539,35.853743,1
37059.0,-80.52158,35.929813,1
37061.0,-77.943354,34.936096,1
37063.0,-78.9062,35.989801,1
37065.0,-77.656297,35.903736,7
37067.0,-80.256625,36.106431,1
37069.0,-78.340858,36.047826,1
37071.0,-81.156574,35.275594,1
37073.0,-76.706157,36.46589,7
37075.0,-83.787962,35.330969,44
37077.0,-78.657114,36.223855,1
37079.0,-77.669536,35.468776,1
37081.0,-79.850251,36.065215,1
37083.0,-77.672949,36.353153,7
37085.0,-78.847096,35.359863,1
37087.0,-82.939915,35.517983,44
37089.0,-82.472355,35.34095,44
37091.0,-77.009973,36.351304,7
37093.0,-79.177133,34.989624,1
37095.0,-76.208134,35.43421,7
37097.0,-80.869103,35.707328,1
37099.0,-83.202489,35.335275,44
37101.0,-78.411954,35.560263,1
37103.0,-77.353062,35.027454,1
37105.0,-79.173135,35.459779,1
37107.0,-77.631874,35.262323,1
37109.0,-81.178511,35.485027,1
37111.0,-82.021507,35.667958,44
37113.0,-83.380756,35.157148,44
37115.0,-82.638666,35.839078,44
37117.0,-77.100767,35.83274,7
37119.0,-80.81662,35.223469,1
37121.0,-82.114348,35.962278,44
37123.0,-79.88204,35.338988,1
37125.0,-79.44678,35.244618,1
37127.0,-77.923901,35.947411,1
37129.0,-77.879277,34.211687,1
37131.0,-77.434731,36.431948,7
37133.0,-77.400612,34.741545,1
37135.0,-79.081244,35.978596,1
37137.0,-76.775886,35.105356,7
37139.0,-76.246298,36.293502,7
37141.0,-77.836015,34.469476,1
37143.0,-76.424403,36.181299,7
37145.0,-78.970901,36.373422,1
37147.0,-77.381178,35.57917,7
37149.0,-82.17545,35.258669,44
37151.0,-79.827981,35.766292,1
37153.0,-79.733496,34.943604,1
37155.0,-79.093867,34.674582,1
37157.0,-79.772606,36.402247,1
37159.0,-80.521966,35.620395,1
37161.0,-81.894978,35.348446,44
37163.0,-78.396164,35.033839,1
37165.0,-79.47868,34.786334,1
37167.0,-80.247474,35.321525,1
37169.0,-80.273917,36.35064,1
37171.0,-80.656971,36.431314,1
37173.0,-83.413457,35.438412,44
37175.0,-82.745507,35.2102,44
37177.0,-76.238874,35.907144,7
37179.0,-80.619702,35.013609,1
37181.0,-78.402101,36.331178,1
37183.0,-78.673074,35.797203,1
37185.0,-78.138543,36.409715,7
37187.0,-76.649275,35.864206,7
37189.0,-81.685479,36.220299,44
37191.0,-77.988459,35.370731,1
37193.0,-81.134214,36.193059,44
37195.0,-77.931323,35.726988,1
37197.0,-80.675351,36.163573,1
37199.0,-82.292339,35.910155,44
38001.0,-102.625989,46.032949,29
38003.0,-98.033032,46.92752,30
38005.0,-99.146122,48.020822,59
38007.0,-103.308303,47.016207,29
38009.0,-100.650317,48.820134,59
38011.0,-103.396646,46.171185,29
38013.0,-102.521915,48.771943,29
38015.0,-100.761508,46.822761,59
38017.0,-96.861406,46.860506,30
38019.0,-98.41499,48.755612,30
38021.0,-98.328185,46.087766,59
38023.0,-103.348927,48.874965,29
38025.0,-102.643252,47.332654,29
38027.0,-99.051857,47.707976,59
38029.0,-100.210914,46.265684,59
38031.0,-99.040279,47.461156,59
38033.0,-103.962247,46.894589,29
38035.0,-97.120998,47.907658,30
38037.0,-101.711807,46.387962,59
38039.0,-98.18781,47.451199,30
38041.0,-102.544717,46.448932,29
38043.0,-99.813669,46.919486,59
38045.0,-98.520959,46.405346,59
38047.0,-99.548585,46.498411,59
38049.0,-100.694529,48.182793,59
38051.0,-99.492295,46.144162,59
38053.0,-103.228066,47.815541,29
38055.0,-101.204564,47.523976,59
38057.0,-101.710274,47.297717,59
38059.0,-101.011434,46.819739,59
38061.0,-102.371315,48.134702,29
38063.0,-98.209414,47.919339,30
38065.0,-101.307901,47.121328,59
38067.0,-97.582307,48.789947,30
38069.0,-99.988011,48.328166,59
38071.0,-98.834844,48.136409,59
38073.0,-97.657193,46.478257,30
38075.0,-101.526364,48.721416,59
38077.0,-96.76635,46.264153,30
38079.0,-99.817363,48.836027,59
38081.0,-97.591691,46.163745,30
38083.0,-100.340156,47.576556,59
38085.0,-100.72635,46.161951,59
38087.0,-103.443746,46.411465,29
38089.0,-102.785075,46.879757,29
38091.0,-97.746445,47.459656,30
38093.0,-98.744696,46.915799,59
38095.0,-99.234305,48.584615,59
38097.0,-97.226828,47.491264,30
38099.0,-97.555232,48.390892,30
38101.0,-101.329338,48.256527,59
38103.0,-99.781286,47.676761,59
38105.0,-103.563682,48.199801,29
39001.0,-83.517043,38.848346,10
39003.0,-84.121928,40.757675,10
39005.0,-82.285667,40.855217,51
39007.0,-80.767571,41.795339,51
39009.0,-82.10024,39.345128,51
39011.0,-84.269481,40.545245,10
39013.0,-80.88884,40.042095,51
39015.0,-83.892944,38.948158,10
39017.0,-84.500267,39.410684,10
39019.0,-81.114892,40.608318,51
39021.0,-83.76028,40.120684,10
39023.0,-83.832287,39.927147,10
39025.0,-84.212568,39.103441,10
39027.0,-83.842336,39.410549,10
39029.0,-80.730264,40.777774,51
39031.0,-81.86512,40.290804,51
39033.0,-82.874776,40.797377,51
39035.0,-81.676037,41.449624,51
39037.0,-84.608214,40.115612,10
39039.0,-84.449086,41.295398,47
39041.0,-83.013223,40.216351,51
39043.0,-82.627891,41.405481,51
39045.0,-82.666944,39.795111,51
39047.0,-83.443808,39.549717,10
39049.0,-82.993223,39.999581,51
39051.0,-84.094751,41.5785,47
39053.0,-82.274096,38.830629,51
39055.0,-81.221561,41.489615,51
39057.0,-83.996686,39.726404,10
39059.0,-81.541827,40.016788,51
39061.0,-84.50859,39.180332,10
39063.0,-83.641951,41.039056,51
39065.0,-83.675755,40.689386,51
39067.0,-81.050672,40.308636,51
39069.0,-84.076961,41.358702,47
39071.0,-83.581988,39.220062,10
39073.0,-82.446275,39.522194,51
39075.0,-81.872764,40.567391,51
39077.0,-82.614391,41.175374,51
39079.0,-82.610661,39.036265,51
39081.0,-80.694228,40.365108,51
39083.0,-82.454649,40.399128,51
39085.0,-81.319338,41.685888,51
39087.0,-82.540684,38.503018,51
39089.0,-82.515759,40.05271,51
39091.0,-83.779471,40.383676,10
39093.0,-82.112376,41.38987,51
39095.0,-83.615345,41.652803,47
39097.0,-83.379953,39.924376,51
39099.0,-80.696308,41.049535,51
39101.0,-83.129156,40.58206,51
39103.0,-81.84012,41.144056,51
39105.0,-82.013323,39.060946,51
39107.0,-84.608376,40.517287,10
39109.0,-84.234863,40.046907,10
39111.0,-81.06521,39.741292,51
39113.0,-84.207549,39.746151,10
39115.0,-81.866143,39.61669,51
39117.0,-82.795365,40.518848,51
39119.0,-81.996883,39.961284,51
39121.0,-81.485165,39.77163,51
39123.0,-83.081463,41.531718,51
39125.0,-84.584535,41.132218,10
39127.0,-82.234082,39.754136,51
39129.0,-82.993084,39.666509,51
39131.0,-83.038173,39.083994,51
39133.0,-81.273457,41.17947,51
39135.0,-84.624466,39.743738,10
39137.0,-84.11802,41.0083,10
39139.0,-82.540347,40.762374,51
39141.0,-83.022104,39.340682,51
39143.0,-83.101952,41.341058,51
39145.0,-82.945444,38.781629,51
39147.0,-83.201322,41.127601,51
39149.0,-84.192139,40.318869,10
39151.0,-81.387172,40.837013,51
39153.0,-81.512898,41.112957,51
39155.0,-80.759806,41.240415,51
39157.0,-81.465322,40.479556,51
39159.0,-83.350113,40.252214,51
39161.0,-84.565522,40.856353,10
39163.0,-82.503644,39.240104,51
39165.0,-84.245128,39.424293,10
39167.0,-81.512663,39.41251,51
39169.0,-81.864335,40.838544,51
39171.0,-84.573035,41.533691,47
39173.0,-83.601066,41.44828,51
39175.0,-83.298153,40.865953,51
40001.0,-94.63575,35.887523,33
40003.0,-98.318501,36.660625,65
40005.0,-96.090179,34.324459,11
40007.0,-100.616419,36.818228,38
40009.0,-99.512486,35.361391,11
40011.0,-98.420662,35.884817,65
40013.0,-96.383822,33.977295,11
40015.0,-98.338494,35.147225,11
40017.0,-97.78114,35.491254,11
40019.0,-97.20457,34.192075,11
40021.0,-94.994163,35.900171,33
40023.0,-95.533567,34.020247,33
40025.0,-102.485321,36.729185,38
40027.0,-97.447024,35.266627,11
40029.0,-96.278023,34.546448,11
40031.0,-98.421648,34.629215,11
40033.0,-98.332256,34.307791,11
40035.0,-95.153823,36.675666,65
40037.0,-96.233839,35.974422,65
40039.0,-98.839507,35.547405,11
40041.0,-94.794943,36.463017,2
40043.0,-99.06334,36.052429,38
40045.0,-99.784141,36.265997,38
40047.0,-97.883789,36.398165,65
40049.0,-97.288696,34.735648,11
40051.0,-97.861894,35.099526,11
40053.0,-97.774047,36.762627,65
40055.0,-99.459421,34.915219,11
40057.0,-99.897993,34.694761,11
40059.0,-99.757532,36.771519,38
40061.0,-95.121608,35.237804,33
40063.0,-96.32078,35.081959,11
40065.0,-99.335932,34.653404,11
40067.0,-97.866159,34.128114,11
40069.0,-96.654549,34.263937,11
40071.0,-97.128546,36.745203,65
40073.0,-97.912409,35.915329,65
40075.0,-99.015436,34.936358,11
40077.0,-95.258464,34.883191,33
40079.0,-94.641301,35.061854,33
40081.0,-96.882293,35.659026,65
40083.0,-97.439988,35.832833,65
40085.0,-97.171716,33.927597,11
40087.0,-97.514971,35.092174,11
40089.0,-94.816419,34.001191,33
40091.0,-95.580112,35.38549,65
40093.0,-98.421761,36.301932,65
40095.0,-96.754422,34.020632,11
40097.0,-95.235555,36.292914,65
40099.0,-97.028909,34.507027,11
40101.0,-95.368317,35.709969,65
40103.0,-97.233709,36.322823,65
40105.0,-95.634714,36.775398,65
40107.0,-96.333303,35.44943,65
40109.0,-97.510552,35.519307,11
40111.0,-95.967902,35.61535,65
40113.0,-96.241685,36.424523,65
40115.0,-94.837147,36.858051,2
40117.0,-96.549785,36.273127,65
40119.0,-97.003156,36.091385,65
40121.0,-95.719834,34.957989,33
40123.0,-96.6714,34.773665,11
40125.0,-96.951814,35.317085,11
40127.0,-95.477215,34.336743,33
40129.0,-99.654582,35.633256,38
40131.0,-95.644612,36.317138,65
40133.0,-96.628173,35.18355,11
40135.0,-94.732692,35.468313,33
40137.0,-97.945593,34.517163,11
40139.0,-101.449911,36.71352,38
40141.0,-98.972769,34.380456,11
40143.0,-95.914798,36.105918,65
40145.0,-95.612267,36.011259,65
40147.0,-95.938601,36.729169,65
40149.0,-99.056867,35.313031,11
40151.0,-98.719763,36.764048,65
40153.0,-99.383837,36.426108,38
41001.0,-117.765487,44.779398,20
41003.0,-123.278972,44.571181,18
41005.0,-122.57415,45.363365,18
41007.0,-123.837442,46.098033,18
41009.0,-122.93005,45.893189,18
41011.0,-124.231247,43.305343,26
41013.0,-120.839327,44.285943,18
41015.0,-124.328547,42.249909,26
41017.0,-121.30565,44.092071,18
41019.0,-123.386761,43.237447,26
41021.0,-120.194384,45.438181,20
41023.0,-119.001015,44.450864,20
41025.0,-118.986738,43.522141,20
41027.0,-121.563132,45.655533,18
41029.0,-122.858316,42.34699,26
41031.0,-121.193198,44.601999,18
41033.0,-123.386809,42.404127,26
41035.0,-121.724883,42.281867,26
41037.0,-120.479309,42.490564,26
41039.0,-123.117351,44.038338,18
41041.0,-124.000861,44.712447,18
41043.0,-122.959618,44.554621,18
41045.0,-117.062987,43.971312,36
41047.0,-122.954793,44.96169,18
41049.0,-119.612758,45.730088,20
41051.0,-122.588705,45.517889,18
41053.0,-123.211525,44.920133,18
41055.0,-120.726192,45.522409,20
41057.0,-123.858675,45.467428,18
41059.0,-118.952064,45.798618,20
41061.0,-118.019473,45.341758,20
41063.0,-117.310593,45.443081,20
41065.0,-121.202594,45.536003,18
41067.0,-122.870641,45.48421,18
41069.0,-120.085187,44.839441,20
41071.0,-123.140448,45.237712,18
42001.0,-77.158646,39.851863,3
42003.0,-79.966538,40.446249,51
42005.0,-79.511347,40.769725,3
42007.0,-80.302592,40.684545,51
42009.0,-78.477467,40.053372,3
42011.0,-75.908729,40.364226,23
42013.0,-78.3772,40.485519,3
42015.0,-76.526197,41.829722,3
42017.0,-75.024632,40.238922,23
42019.0,-79.958665,40.829199,51
42021.0,-78.800168,40.406479,3
42023.0,-78.236901,41.502183,3
42025.0,-75.708746,40.871762,23
42027.0,-77.838248,40.841087,3
42029.0,-75.679351,39.990871,23
42031.0,-79.427108,41.183479,3
42033.0,-78.495829,40.988404,3
42035.0,-77.451745,41.141257,3
42037.0,-76.390955,41.037606,3
42039.0,-80.101229,41.665952,3
42041.0,-77.099379,40.204609,3
42043.0,-76.796622,40.306988,3
42045.0,-75.348629,39.921778,23
42047.0,-78.620668,41.419475,3
42049.0,-80.071718,42.068053,3
42051.0,-79.71427,39.949668,9
42053.0,-79.241027,41.491795,3
42055.0,-77.656246,39.882739,3
42057.0,-78.086385,39.919336,3
42059.0,-80.117573,39.876467,51
42061.0,-78.002675,40.424965,3
42063.0,-79.129455,40.616037,3
42065.0,-78.964758,41.085708,3
42067.0,-77.329618,40.571523,3
42069.0,-75.636058,41.441266,23
42071.0,-76.290855,40.073653,23
42073.0,-80.336662,40.986592,51
42075.0,-76.442891,40.341615,23
42077.0,-75.50897,40.599225,23
42079.0,-75.929184,41.199679,23
42081.0,-76.98414,41.249888,3
42083.0,-78.583174,41.865308,3
42085.0,-80.336921,41.263653,51
42087.0,-77.615982,40.602421,3
42089.0,-75.308191,41.037307,23
42091.0,-75.313634,40.169886,23
42093.0,-76.630083,40.997428,3
42095.0,-75.320519,40.699705,23
42097.0,-76.682108,40.873395,3
42099.0,-77.152841,40.410162,3
42101.0,-75.139469,40.004629,23
42103.0,-74.985987,41.302232,23
42105.0,-77.936972,41.822324,3
42107.0,-76.197364,40.713737,23
42109.0,-76.981311,40.786765,3
42111.0,-79.010484,40.031352,3
42113.0,-76.49082,41.470773,3
42115.0,-75.770799,41.822623,55
42117.0,-77.207281,41.815409,3
42119.0,-76.957803,40.97426,3
42121.0,-79.766084,41.406083,3
42123.0,-79.238649,41.851752,3
42125.0,-80.144361,40.204057,51
42127.0,-75.3089,41.539119,23
42129.0,-79.591786,40.339402,3
42131.0,-75.938352,41.539714,55
42133.0,-76.750832,39.942113,3
44001.0,-71.283919,41.712119,34
44003.0,-71.487993,41.699105,34
44005.0,-71.266661,41.548265,34
44007.0,-71.450538,41.856551,34
44009.0,-71.589511,41.46723,34
45001.0,-82.422325,34.238459,74
45003.0,-81.769514,33.535417,74
45005.0,-81.292207,32.994406,74
45007.0,-82.618277,34.557505,74
45009.0,-81.074156,33.269763,74
45011.0,-81.35449,33.29489,74
45013.0,-80.77157,32.323566,74
45015.0,-80.032851,33.068108,1
45017.0,-80.819428,33.67638,1
45019.0,-79.979214,32.822801,1
45021.0,-81.64701,35.080073,44
45023.0,-81.119727,34.702761,1
45025.0,-80.144685,34.682027,1
45027.0,-80.206489,33.691189,1
45029.0,-80.655455,32.916002,74
45031.0,-79.983805,34.326829,1
45033.0,-79.359942,34.39471,1
45035.0,-80.21761,33.000816,1
45037.0,-81.920292,33.722044,74
45039.0,-81.073993,34.361469,1
45041.0,-79.760954,34.100049,1
45043.0,-79.269399,33.453334,1
45045.0,-82.335536,34.847691,44
45047.0,-82.148595,34.204262,74
45049.0,-81.118468,32.800714,74
45051.0,-78.940096,33.786228,1
45053.0,-81.012491,32.427942,74
45055.0,-80.645219,34.259654,1
45057.0,-80.74724,34.758129,1
45059.0,-82.026131,34.504773,74
45061.0,-80.265139,34.181555,1
45063.0,-81.213684,33.958732,74
45065.0,-82.293659,33.883028,74
45067.0,-79.336829,34.164265,1
45069.0,-79.670645,34.635883,1
45071.0,-81.575787,34.268079,74
45073.0,-83.005464,34.707761,74
45075.0,-80.799081,33.471516,1
45077.0,-82.686452,34.809329,44
45079.0,-80.98649,34.060483,1
45081.0,-81.706529,33.995666,74
45083.0,-82.000163,34.962731,44
45085.0,-80.387303,33.929411,1
45087.0,-81.625389,34.73195,44
45089.0,-79.733271,33.654581,1
45091.0,-81.06181,34.991083,1
46003.0,-98.531305,43.694057,17
46005.0,-98.226727,44.368344,17
46007.0,-101.786034,43.208288,19
46009.0,-97.860351,42.965559,17
46011.0,-96.786838,44.312257,17
46013.0,-98.448464,45.477807,59
46015.0,-99.188651,43.762079,17
46017.0,-99.375243,44.05926,59
46019.0,-103.761216,44.672144,29
46021.0,-100.101667,45.802878,59
46023.0,-98.516453,43.173936,17
46025.0,-97.710087,44.839529,17
46027.0,-96.93806,42.811174,17
46029.0,-97.131386,44.913901,17
46031.0,-100.924599,45.764089,59
46033.0,-103.518429,43.739996,19
46035.0,-98.041463,43.706368,17
46037.0,-97.520104,45.364549,17
46039.0,-96.658745,44.736642,17
46041.0,-101.117074,45.116808,59
46043.0,-98.357737,43.37109,17
46045.0,-99.160435,45.453502,59
46047.0,-103.514809,43.388192,19
46049.0,-99.11707,45.077019,59
46051.0,-96.652826,45.205831,17
46053.0,-99.278797,43.182985,62
46055.0,-101.577551,44.130701,19
46057.0,-97.142214,44.647395,17
46059.0,-98.990895,44.529314,59
46061.0,-97.780795,43.658195,17
46063.0,-103.525357,45.612413,29
46065.0,-100.305241,44.382662,59
46067.0,-97.746735,43.336046,17
46069.0,-99.46011,44.511151,59
46071.0,-101.651749,43.662756,19
46073.0,-98.562253,44.087702,17
46075.0,-100.697764,43.902516,19
46077.0,-97.405002,44.374375,17
46079.0,-97.10012,44.002691,17
46081.0,-103.800718,44.447051,29
46083.0,-96.746072,43.427562,17
46085.0,-99.721302,43.951381,59
46087.0,-97.344878,43.666866,17
46089.0,-99.263772,45.760167,59
46091.0,-97.619971,45.766216,30
46093.0,-103.288909,44.296996,19
46095.0,-100.814632,43.548671,19
46097.0,-97.555355,44.01589,17
46099.0,-96.732329,43.559391,17
46101.0,-96.65761,44.019542,17
46103.0,-103.213752,44.064633,19
46105.0,-102.322856,45.711883,29
46107.0,-99.909039,45.076727,59
46109.0,-96.952207,45.61302,30
46111.0,-98.149484,44.006288,17
46113.0,-102.487474,43.186406,19
46115.0,-98.429642,44.910381,59
46117.0,-100.436337,44.363198,59
46119.0,-100.121731,44.710627,59
46121.0,-100.783743,43.248143,19
46123.0,-99.851545,43.349802,19
46125.0,-97.115892,43.301965,17
46127.0,-96.600368,42.702762,17
46129.0,-100.313424,45.520019,59
46135.0,-97.394907,42.902431,17
46137.0,-101.524925,44.939041,59
47001.0,-84.180288,36.082029,46
47003.0,-86.464741,35.51241,46
47005.0,-88.09002,36.071513,68
47007.0,-85.195883,35.612132,46
47009.0,-83.973022,35.752926,44
47011.0,-84.859341,35.166015,46
47013.0,-84.125923,36.383124,44
47015.0,-86.06262,35.80032,46
47017.0,-88.464475,36.018048,68
47019.0,-82.201421,36.318376,44
47021.0,-87.063974,36.269635,46
47023.0,-88.622571,35.436863,53
47025.0,-83.64175,36.491598,44
47027.0,-85.560947,36.553965,46
47029.0,-83.174767,35.947227,44
47031.0,-86.124954,35.454014,46
47033.0,-89.122632,35.789488,53
47035.0,-85.020109,35.954565,46
47037.0,-86.74545,36.140596,46
47039.0,-88.126566,35.610752,53
47041.0,-85.838617,35.966234,46
47043.0,-87.345598,36.106096,46
47045.0,-89.359385,36.058797,68
47047.0,-89.470445,35.203083,53
47049.0,-84.93663,36.365518,46
47051.0,-86.116239,35.206924,46
47053.0,-88.876406,35.938053,68
47055.0,-87.031071,35.191241,46
47057.0,-83.483361,36.269199,44
47059.0,-82.833456,36.177294,44
47061.0,-85.720235,35.341946,46
47063.0,-83.296406,36.215973,44
47065.0,-85.205177,35.093485,46
47067.0,-83.23135,36.517795,44
47069.0,-89.017224,35.22229,53
47071.0,-88.226837,35.199678,53
47073.0,-82.873902,36.462944,44
47075.0,-89.267291,35.586187,53
47077.0,-88.402036,35.648436,53
47079.0,-88.293739,36.319164,68
47081.0,-87.403679,35.852522,46
47083.0,-87.70333,36.304687,68
47085.0,-87.774505,36.072233,68
47087.0,-85.628303,36.329916,46
47089.0,-83.453522,36.067034,44
47091.0,-81.843103,36.450735,44
47093.0,-83.985913,35.973839,44
47095.0,-89.468133,36.357362,68
47097.0,-89.54174,35.762745,53
47099.0,-87.355853,35.2351,46
47101.0,-87.523745,35.533806,46
47103.0,-86.574658,35.107495,46
47105.0,-84.286322,35.759679,46
47107.0,-84.598553,35.425632,46
47109.0,-88.542589,35.177181,53
47111.0,-86.022066,36.535537,46
47113.0,-88.822589,35.650005,53
47115.0,-85.604158,35.109364,46
47117.0,-86.772777,35.488656,46
47119.0,-87.045667,35.623,46
47121.0,-84.815615,35.503802,46
47123.0,-84.353878,35.517149,46
47125.0,-87.352951,36.551703,68
47127.0,-86.341444,35.297553,46
47129.0,-84.590381,36.098632,46
47131.0,-89.080699,36.396173,68
47133.0,-85.322853,36.348292,46
47135.0,-87.858652,35.652569,53
47137.0,-85.141613,36.566056,46
47139.0,-84.565986,35.125651,46
47141.0,-85.503295,36.163405,46
47143.0,-84.955218,35.556242,46
47145.0,-84.524136,35.882073,46
47147.0,-86.832296,36.484933,46
47149.0,-86.44798,35.892016,46
47151.0,-84.506554,36.453953,46
47153.0,-85.392052,35.354219,46
47155.0,-83.580944,35.861562,44
47157.0,-89.894188,35.131228,53
47159.0,-85.968484,36.241092,46
47161.0,-87.798679,36.493717,68
47163.0,-82.394917,36.531452,44
47165.0,-86.536931,36.398559,46
47167.0,-89.748046,35.478427,53
47169.0,-86.170445,36.393982,46
47171.0,-82.396177,36.149453,44
47173.0,-83.816526,36.243267,44
47175.0,-85.45447,35.723509,46
47177.0,-85.792646,35.695537,46
47179.0,-82.434713,36.324631,44
47181.0,-87.789817,35.257711,53
47183.0,-88.773558,36.292721,68
47185.0,-85.487471,35.939892,46
47187.0,-86.85552,35.920355,46
47189.0,-86.404093,36.201286,46
48001.0,-95.687072,31.776143,31
48003.0,-102.542123,32.32166,52
48005.0,-94.714115,31.312605,31
48007.0,-97.071875,28.030072,50
48009.0,-98.610345,33.70449,11
48011.0,-101.392092,35.085722,52
48013.0,-98.576202,29.034632,50
48015.0,-96.221858,29.853256,31
48017.0,-102.745529,34.216557,52
48019.0,-99.036031,29.703543,50
48021.0,-97.358916,30.144282,50
48023.0,-99.26133,33.596338,11
48025.0,-97.736901,28.396655,50
48027.0,-97.592082,31.084262,50
48029.0,-98.525238,29.479255,50
48031.0,-98.393265,30.185496,50
48033.0,-101.426185,32.746089,52
48035.0,-97.576972,31.86216,11
48037.0,-94.203466,33.436159,33
48039.0,-95.385415,29.329215,31
48041.0,-96.33059,30.628865,31
48043.0,-103.617388,30.217438,39
48045.0,-101.232801,34.440834,52
48047.0,-98.144221,27.204776,50
48049.0,-98.989458,31.731622,11
48051.0,-96.646318,30.479774,31
48053.0,-98.244836,30.671778,50
48055.0,-97.686629,29.852388,50
48057.0,-96.625056,28.586063,50
48059.0,-99.448422,32.346951,11
48061.0,-97.556998,26.045736,50
48063.0,-94.98408,32.990653,31
48065.0,-101.329281,35.384076,38
48067.0,-94.299328,33.079821,33
48069.0,-102.26892,34.521244,52
48071.0,-94.741728,29.801262,31
48073.0,-95.211216,31.904972,31
48075.0,-100.225433,34.428815,52
48077.0,-98.245004,33.828051,11
48079.0,-102.737454,33.687756,52
48081.0,-100.405638,31.904324,52
48083.0,-99.423304,31.808605,11
48085.0,-96.693057,33.099357,11
48087.0,-100.216872,34.863545,52
48089.0,-96.536638,29.661294,50
48091.0,-98.221819,29.764495,50
48093.0,-98.557373,31.969672,11
48095.0,-99.859636,31.280122,52
48097.0,-97.137065,33.610424,11
48099.0,-97.828854,31.239826,50
48101.0,-100.300376,34.019044,52
48103.0,-102.352002,31.400898,52
48105.0,-101.220153,30.707106,52
48107.0,-101.361212,33.664489,52
48109.0,-104.821069,31.071834,39
48111.0,-102.577929,36.110008,38
48113.0,-96.788197,32.808956,11
48115.0,-101.949316,32.73465,52
48117.0,-102.402042,34.835104,52
48119.0,-95.704605,33.37458,11
48121.0,-97.019684,33.109148,11
48123.0,-97.313585,29.101571,50
48125.0,-100.852578,33.534982,52
48127.0,-99.817579,28.519099,50
48129.0,-100.85405,34.94207,52
48131.0,-98.389589,27.729918,50
48133.0,-98.840622,32.356034,11
48135.0,-102.3858,31.864941,52
48137.0,-100.19957,29.977801,50
48139.0,-96.815886,32.423916,11
48141.0,-106.375936,31.782045,39
48143.0,-98.228806,32.206569,11
48145.0,-96.950734,31.260968,31
48147.0,-96.175947,33.561545,11
48149.0,-96.897998,29.8524,50
48151.0,-100.413883,32.77399,52
48153.0,-101.376103,34.042836,52
48155.0,-99.701195,33.991937,11
48157.0,-95.663045,29.613217,31
48159.0,-95.223453,33.126081,31
48161.0,-96.209634,31.696374,31
48163.0,-99.107465,28.845787,50
48165.0,-102.658431,32.760539,52
48167.0,-95.013496,29.424115,31
48169.0,-101.385674,33.198856,52
48171.0,-98.905778,30.272524,50
48173.0,-101.514268,31.851318,52
48175.0,-97.370374,28.704105,50
48177.0,-97.50357,29.476703,50
48179.0,-100.938403,35.527957,38
48181.0,-96.624643,33.649485,11
48183.0,-94.79133,32.49808,31
48185.0,-96.009259,30.447103,31
48187.0,-98.097778,29.598985,50
48189.0,-101.739801,34.145755,52
48191.0,-100.604341,34.658133,52
48193.0,-98.099032,31.761315,11
48195.0,-101.273482,36.213931,38
48197.0,-99.694647,34.283002,11
48199.0,-94.262169,30.303364,31
48201.0,-95.417454,29.807479,31
48203.0,-94.412978,32.534967,31
48205.0,-102.488764,35.984331,38
48207.0,-99.767465,33.178592,52
48209.0,-97.935889,30.00246,50
48211.0,-100.364036,35.893959,38
48213.0,-95.889717,32.237902,31
48215.0,-98.184054,26.232452,50
48217.0,-97.174067,31.998096,11
48219.0,-102.33483,33.586415,52
48221.0,-97.765687,32.432951,11
48223.0,-95.586932,33.124117,31
48225.0,-95.46482,31.298935,31
48227.0,-101.464986,32.242066,52
48229.0,-105.641319,31.420986,39
48231.0,-96.095018,33.085785,11
48233.0,-101.448842,35.6807,38
48235.0,-100.844201,31.266676,52
48237.0,-98.168776,33.198497,11
48239.0,-96.594951,28.961331,50
48241.0,-93.994075,30.736464,31
48243.0,-103.990284,30.603582,39
48245.0,-94.067554,30.01233,31
48247.0,-98.68362,27.304609,50
48249.0,-98.064602,27.751904,50
48251.0,-97.325793,32.435783,11
48253.0,-99.808917,32.711236,52
48255.0,-97.864151,28.856195,50
48257.0,-96.338534,32.656168,11
48259.0,-98.725533,29.841299,50
48261.0,-97.773573,27.065647,50
48263.0,-100.629728,33.247856,52
48265.0,-99.159771,30.039931,50
48267.0,-99.732497,30.490095,50
48269.0,-100.314415,33.653281,52
48271.0,-100.418801,29.304886,50
48273.0,-97.857766,27.492495,50
48275.0,-99.705702,33.464244,11
48277.0,-95.53564,33.674176,33
48279.0,-102.324158,34.028478,52
48281.0,-98.116277,31.09588,50
48283.0,-99.249834,28.336046,50
48285.0,-97.047964,29.409258,50
48287.0,-96.967301,30.270012,50
48289.0,-96.046864,31.29928,31
48291.0,-94.901747,30.155392,31
48293.0,-96.520288,31.592033,31
48295.0,-100.354171,36.387589,38
48297.0,-98.105736,28.341838,50
48299.0,-98.511609,30.684899,50
48301.0,-103.602226,31.745821,39
48303.0,-101.887742,33.556622,52
48305.0,-101.807743,33.181411,52
48307.0,-99.337039,31.150738,50
48309.0,-97.171313,31.541318,31
48311.0,-98.51005,28.449157,50
48313.0,-95.897089,30.955599,31
48315.0,-94.423837,32.78969,31
48317.0,-101.825151,32.184223,52
48319.0,-99.216248,30.75329,50
48321.0,-96.002899,28.915316,50
48323.0,-100.481002,28.70947,50
48325.0,-98.968309,29.305418,50
48327.0,-99.772013,30.899442,50
48329.0,-102.106662,32.002748,52
48331.0,-97.01043,30.747373,50
48333.0,-98.578116,31.486443,11
48335.0,-100.863291,32.392977,52
48337.0,-97.756255,33.63828,11
48339.0,-95.468727,30.232068,31
48341.0,-101.956199,35.904748,38
48343.0,-94.72461,33.071717,33
48345.0,-100.844887,34.012828,52
48347.0,-94.642764,31.623266,31
48349.0,-96.488644,32.079812,31
48351.0,-93.751989,30.687746,31
48353.0,-100.411684,32.449322,52
48355.0,-97.430035,27.733674,50
48357.0,-100.810965,36.381028,38
48359.0,-102.390158,35.324274,52
48361.0,-93.870235,30.124169,31
48363.0,-98.167593,32.778005,11
48365.0,-94.331166,32.167392,31
48367.0,-97.736777,32.794168,11
48369.0,-102.815812,34.538847,52
48371.0,-102.790862,30.898458,52
48373.0,-94.940487,30.743717,31
48375.0,-101.836644,35.221681,52
48377.0,-104.260977,29.807527,39
48379.0,-95.797078,32.886055,31
48381.0,-101.888863,35.121463,52
48383.0,-101.465521,31.215015,52
48385.0,-99.841559,29.719686,50
48387.0,-95.07117,33.592399,33
48389.0,-103.532874,31.382677,39
48391.0,-97.244247,28.29039,50
48393.0,-100.705316,35.720593,38
48395.0,-96.547126,30.970148,31
48397.0,-96.435493,32.915625,11
48399.0,-99.994273,31.801037,52
48401.0,-94.797713,32.193758,31
48403.0,-93.850011,31.338566,31
48405.0,-94.150624,31.443536,31
48407.0,-95.131415,30.547998,31
48409.0,-97.399384,27.947285,50
48411.0,-98.763369,31.190792,50
48413.0,-100.581777,30.875183,52
48415.0,-100.905311,32.705897,52
48417.0,-99.308669,32.688185,11
48419.0,-94.180373,31.823558,31
48421.0,-101.996669,36.336364,38
48423.0,-95.297792,32.326711,31
48425.0,-97.752805,32.23787,11
48427.0,-98.84119,26.388176,50
48429.0,-98.904243,32.754222,11
48431.0,-100.993423,31.839559,52
48433.0,-100.236102,33.145963,52
48435.0,-100.630735,30.562364,52
48437.0,-101.771547,34.531837,52
48439.0,-97.244748,32.76219,11
48441.0,-99.768456,32.423132,52
48443.0,-102.356398,30.159691,52
48445.0,-102.271641,33.183905,52
48447.0,-99.13442,33.139397,11
48449.0,-94.966822,33.175718,33
48451.0,-100.460084,31.452272,52
48453.0,-97.749981,30.31025,50
48455.0,-95.245491,31.000011,31
48457.0,-94.365305,30.741967,31
48459.0,-94.925153,32.697983,31
48461.0,-102.122277,31.183695,52
48463.0,-99.75475,29.247671,50
48465.0,-100.898068,29.38073,50
48467.0,-95.833094,32.57797,31
48469.0,-96.990925,28.820583,50
48471.0,-95.535016,30.729192,31
48473.0,-95.968855,30.021425,31
48475.0,-102.921099,31.565078,52
48477.0,-96.396264,30.182708,31
48479.0,-99.47635,27.520331,50
48481.0,-96.175663,29.276822,50
48483.0,-100.265178,35.353697,38
48485.0,-98.551696,33.922335,11
48487.0,-99.296459,34.147319,11
48489.0,-97.779937,26.452145,50
48491.0,-97.71143,30.554707,50
48493.0,-98.142066,29.226084,50
48495.0,-103.099982,31.841034,52
48497.0,-97.637257,33.164603,11
48499.0,-95.396924,32.772492,31
48501.0,-102.829655,33.025705,52
48503.0,-98.625208,33.166529,11
48505.0,-99.26586,26.902457,50
48507.0,-99.807717,28.757996,50
49001.0,-112.776347,38.299707,15
49003.0,-112.09977,41.591026,13
49005.0,-111.840612,41.744338,13
49007.0,-110.777221,39.601629,15
49009.0,-109.646088,40.967854,13
49011.0,-111.958756,41.01957,13
49013.0,-110.165397,40.289409,13
49015.0,-110.925129,39.216051,15
49017.0,-112.088923,37.76185,15
49019.0,-109.530222,38.569104,15
49021.0,-113.073838,37.709161,15
49023.0,-111.894782,39.750368,15
49025.0,-112.425977,37.114838,15
49027.0,-112.494882,39.214604,15
49029.0,-111.718106,41.073208,13
49031.0,-112.208162,38.288475,15
49033.0,-111.278738,41.76689,13
49035.0,-111.922762,40.646321,13
49037.0,-109.521036,37.523884,54
49039.0,-111.606832,39.380549,15
49041.0,-112.042048,38.77474,15
49043.0,-111.47076,40.727812,13
49045.0,-112.379217,40.56078,13
49047.0,-109.597164,40.42648,13
49049.0,-111.73158,40.272349,13
49051.0,-111.412248,40.505696,13
49053.0,-113.519705,37.135163,15
49055.0,-111.467245,38.361636,15
49057.0,-111.990305,41.224614,13
50001.0,-73.166759,44.06247,63
50003.0,-73.15352,42.972541,63
50005.0,-72.07512,44.467875,63
50007.0,-73.149444,44.480855,63
50009.0,-71.740577,44.666929,63
50011.0,-72.993263,44.840447,63
50013.0,-73.298303,44.79441,63
50015.0,-72.653257,44.58756,63
50017.0,-72.394216,43.996017,63
50019.0,-72.223292,44.864953,63
50021.0,-73.045536,43.601633,63
50023.0,-72.58392,44.241925,63
50025.0,-72.61616,42.95631,63
50027.0,-72.491252,43.545556,63
51001.0,-75.641008,37.784132,7
51003.0,-78.516763,38.05016,9
51005.0,-79.929401,37.800535,9
51007.0,-77.977011,37.341681,7
51009.0,-79.102718,37.519237,9
51011.0,-78.833953,37.359958,9
51013.0,-77.10082,38.8749,7
51015.0,-79.032141,38.12803,9
51017.0,-79.764614,38.017866,9
51019.0,-79.497893,37.314607,9
51021.0,-81.089354,37.150725,44
51023.0,-79.851418,37.448222,9
51025.0,-77.86074,36.756799,7
51027.0,-82.058814,37.264125,44
51029.0,-78.483454,37.582102,9
51031.0,-79.165807,37.25795,9
51033.0,-77.433166,38.008601,7
51035.0,-80.763589,36.712893,9
51036.0,-77.102373,37.381884,7
51037.0,-78.630844,37.017568,9
51041.0,-77.550555,37.418224,7
51043.0,-77.988093,39.129687,7
51045.0,-80.174522,37.476038,9
51047.0,-77.997848,38.500155,7
51049.0,-78.257306,37.483249,7
51051.0,-82.379283,37.142003,44
51053.0,-77.560538,37.135094,7
51057.0,-76.90549,37.911272,7
51059.0,-77.258936,38.843734,7
51061.0,-77.777194,38.696041,7
51063.0,-80.342686,36.944158,9
51065.0,-78.301879,37.888175,9
51067.0,-79.861232,37.016004,9
51069.0,-78.193089,39.168677,9
51071.0,-80.71689,37.317609,9
51073.0,-76.530947,37.377825,7
51075.0,-77.85186,37.703091,7
51077.0,-81.1193,36.648239,44
51079.0,-78.422182,38.254353,9
51081.0,-77.537371,36.721194,7
51083.0,-78.927107,36.75003,9
51085.0,-77.420161,37.687345,7
51087.0,-77.495683,37.60276,7
51089.0,-79.903132,36.690407,9
51091.0,-79.568796,38.386074,9
51093.0,-76.655375,36.921892,7
51095.0,-76.757657,37.294786,7
51097.0,-76.89237,37.699158,7
51099.0,-77.162858,38.291254,7
51101.0,-77.05673,37.702616,7
51103.0,-76.437123,37.70389,7
51105.0,-83.103165,36.715746,44
51107.0,-77.510676,39.047874,7
51109.0,-77.965373,37.979376,7
51111.0,-78.21653,36.970055,7
51113.0,-78.23516,38.378917,9
51115.0,-76.342952,37.444144,7
51117.0,-78.320815,36.691889,7
51119.0,-76.504547,37.601651,7
51121.0,-80.412336,37.189631,9
51125.0,-78.871691,37.810028,9
51127.0,-77.037031,37.497253,7
51131.0,-75.917594,37.389508,7
51133.0,-76.414247,37.890865,7
51135.0,-78.075207,37.144866,7
51137.0,-77.966785,38.267152,7
51139.0,-78.500392,38.604441,9
51141.0,-80.282113,36.655724,9
51143.0,-79.409643,36.772086,9
51145.0,-77.872664,37.546342,7
51147.0,-78.423416,37.259323,9
51149.0,-77.293227,37.215406,7
51153.0,-77.409683,38.691636,7
51155.0,-80.705779,37.081529,9
51157.0,-78.124495,38.692393,7
51159.0,-76.715071,37.94866,7
51161.0,-79.989575,37.271414,9
51163.0,-79.428059,37.786365,9
51165.0,-78.837195,38.454851,9
51167.0,-82.090612,36.935284,44
51169.0,-82.594258,36.684532,44
51171.0,-78.529664,38.86825,9
51173.0,-81.574231,36.829257,44
51175.0,-77.070645,36.71473,7
51177.0,-77.571234,38.238928,7
51179.0,-77.447823,38.416536,7
51181.0,-76.867196,37.118648,7
51183.0,-77.210307,36.972121,7
51185.0,-81.566563,37.147549,44
51187.0,-78.179261,38.925068,9
51191.0,-81.972246,36.703579,44
51193.0,-76.844011,38.155269,7
51195.0,-82.609349,36.952922,44
51197.0,-81.066298,36.919123,44
51199.0,-76.49193,37.172279,7
51510.0,-77.09256,38.820052,7
51515.0,-79.520701,37.337281,9
51520.0,-82.169512,36.610479,44
51530.0,-79.352493,37.734133,9
51540.0,-78.490591,38.033545,9
51550.0,-76.282263,36.757515,7
51560.0,-79.824452,37.819864,9
51570.0,-77.401027,37.264094,7
51580.0,-79.98934,37.781277,9
51590.0,-79.409867,36.591119,9
51595.0,-77.541306,36.691841,7
51600.0,-77.302597,38.852046,7
51610.0,-77.173924,38.883689,7
51620.0,-76.936518,36.678687,7
51630.0,-77.4809,38.298644,7
51640.0,-80.918362,36.665998,44
51650.0,-76.366965,37.042681,7
51660.0,-78.868871,38.440627,9
51670.0,-77.304582,37.289087,7
51678.0,-79.442982,37.784093,9
51680.0,-79.188942,37.394382,9
51683.0,-77.474795,38.753009,7
51685.0,-77.448892,38.772139,7
51690.0,-79.86482,36.683587,9
51700.0,-76.495942,37.089637,7
51710.0,-76.262277,36.891356,7
51720.0,-82.624348,36.938169,44
51730.0,-77.396848,37.210514,7
51735.0,-76.381322,37.131625,7
51740.0,-76.35389,36.833227,7
51750.0,-80.558831,37.128676,9
51760.0,-77.466976,37.53579,7
51770.0,-79.960131,37.278728,9
51775.0,-80.05573,37.286115,9
51790.0,-79.077956,38.157796,9
51800.0,-76.556872,36.776711,7
51810.0,-76.099445,36.821554,7
51820.0,-78.896755,38.072013,9
51830.0,-76.713075,37.275866,7
51840.0,-78.170343,39.175174,9
53001.0,-119.02242,46.865676,20
53003.0,-117.067274,46.388456,70
53005.0,-119.276099,46.229004,20
53007.0,-120.344707,47.530217,20
53009.0,-123.451968,48.094258,58
53011.0,-122.561881,45.679487,18
53013.0,-117.975741,46.325941,20
53015.0,-122.899958,46.137731,18
53017.0,-120.172826,47.511897,20
53019.0,-118.531788,48.622195,70
53021.0,-119.11931,46.304218,20
53023.0,-117.576254,46.476155,70
53025.0,-119.469973,47.141696,20
53027.0,-123.76763,46.991374,58
53029.0,-122.576588,48.206288,58
53031.0,-122.825295,48.008216,58
53033.0,-122.229983,47.54832,58
53035.0,-122.632791,47.613056,58
53037.0,-120.623911,47.047742,20
53039.0,-121.132931,45.797495,18
53041.0,-122.832505,46.617975,58
53043.0,-118.325118,47.633857,20
53045.0,-123.036931,47.287955,58
53047.0,-119.578336,48.446246,20
53049.0,-123.896075,46.528108,58
53051.0,-117.222011,48.286333,70
53053.0,-122.410936,47.179454,58
53055.0,-122.980165,48.576187,58
53057.0,-122.335882,48.466681,58
53059.0,-121.925675,45.691397,18
53061.0,-122.189388,47.929139,58
53063.0,-117.37087,47.681186,70
53065.0,-117.810545,48.279486,70
53067.0,-122.840989,46.999073,58
53069.0,-123.428851,46.236785,18
53071.0,-118.390182,46.077821,20
53073.0,-122.485318,48.820552,58
53075.0,-117.221303,46.797297,70
53077.0,-120.41619,46.515822,20
54001.0,-80.004972,39.109653,9
54003.0,-77.982455,39.457075,3
54005.0,-81.752712,38.054143,44
54007.0,-80.728585,38.691193,9
54009.0,-80.58577,40.308456,51
54011.0,-82.338233,38.413495,51
54013.0,-81.104298,38.85054,51
54015.0,-81.103578,38.468912,9
54017.0,-80.72175,39.287426,51
54019.0,-81.13355,38.033101,9
54021.0,-80.827613,38.924402,9
54023.0,-79.162438,39.061384,9
54025.0,-80.493567,37.855598,9
54027.0,-78.611263,39.327538,9
54029.0,-80.569498,40.479465,51
54031.0,-78.881937,39.037706,9
54033.0,-80.343216,39.287945,9
54035.0,-81.712041,38.840404,51
54037.0,-77.847656,39.315195,7
54039.0,-81.652953,38.361943,51
54041.0,-80.471273,39.03246,9
54043.0,-82.066952,38.199035,44
54045.0,-81.971518,37.856637,44
54047.0,-81.658541,37.389931,44
54049.0,-80.181612,39.486129,9
54051.0,-80.7045,39.926441,51
54053.0,-82.059748,38.826465,51
54055.0,-81.140806,37.352463,44
54057.0,-78.909946,39.465107,9
54059.0,-82.157458,37.705418,44
54061.0,-79.959809,39.636196,9
54063.0,-80.636561,37.528463,9
54065.0,-78.223556,39.581071,3
54067.0,-80.775451,38.275855,9
54069.0,-80.672339,40.078993,51
54071.0,-79.337502,38.672518,9
54073.0,-81.19208,39.383419,51
54075.0,-80.024122,38.286867,9
54077.0,-79.676099,39.495471,9
54079.0,-81.926568,38.475729,51
54081.0,-81.202994,37.770284,9
54083.0,-79.872569,38.869406,9
54085.0,-81.044436,39.213934,51
54087.0,-81.346321,38.729491,51
54089.0,-80.847554,37.666908,9
54091.0,-80.064419,39.337291,9
54093.0,-79.607202,39.11173,9
54095.0,-80.925137,39.508846,51
54097.0,-80.228779,38.953837,9
54099.0,-82.491282,38.261889,44
54101.0,-80.479615,38.469808,9
54103.0,-80.758633,39.62681,51
54105.0,-81.392132,39.052702,51
54107.0,-81.530388,39.266169,51
54109.0,-81.564644,37.628554,44
55001.0,-89.782239,43.944401,66
55003.0,-90.783551,46.470378,66
55005.0,-91.815595,45.436158,49
55007.0,-91.102103,46.588678,49
55009.0,-88.031843,44.497198,66
55011.0,-91.743927,44.379071,49
55013.0,-92.413067,45.833418,49
55015.0,-88.258764,44.149211,66
55017.0,-91.32738,44.986588,49
55019.0,-90.547599,44.784643,66
55021.0,-89.367399,43.46149,66
55023.0,-91.011263,43.159807,49
55025.0,-89.393883,43.074343,66
55027.0,-88.712346,43.434231,66
55029.0,-87.345365,44.904102,66
55031.0,-92.017477,46.633029,49
55033.0,-91.895108,44.914467,49
55035.0,-91.454948,44.790413,49
55037.0,-88.237785,45.852429,66
55039.0,-88.486885,43.76493,66
55041.0,-88.806904,45.561305,66
55043.0,-90.616057,42.82529,21
55045.0,-89.576089,42.670633,66
55047.0,-89.013089,43.844076,66
55049.0,-90.126735,42.982704,66
55051.0,-90.196635,46.353147,66
55053.0,-90.901558,44.320474,49
55055.0,-88.784757,43.040167,66
55057.0,-90.100354,43.842134,66
55059.0,-87.922956,42.572633,73
55061.0,-87.58979,44.527541,66
55063.0,-91.208437,43.858367,49
55065.0,-90.139042,42.661836,21
55067.0,-89.105771,45.18444,66
55069.0,-89.686664,45.285493,66
55071.0,-87.723854,44.104426,66
55073.0,-89.710946,44.908503,66
55075.0,-87.846106,45.221014,66
55077.0,-89.41107,43.813741,66
55078.0,-88.641293,44.913795,66
55079.0,-87.959548,43.032865,66
55081.0,-90.640636,43.942291,66
55083.0,-88.147837,44.8979,66
55085.0,-89.490882,45.708051,66
55087.0,-88.400738,44.309508,66
55089.0,-87.949891,43.32038,66
55091.0,-91.989241,44.590724,49
55093.0,-92.544547,44.771766,49
55095.0,-92.478528,45.406302,49
55097.0,-89.526902,44.498175,66
55099.0,-90.398474,45.724747,66
55101.0,-87.926109,42.734943,66
55103.0,-90.39055,43.350327,66
55105.0,-89.03741,42.651893,66
55107.0,-91.127194,45.448067,49
55109.0,-92.579597,45.018036,49
55111.0,-89.869597,43.446515,66
55113.0,-91.346565,45.936442,49
55115.0,-88.68623,44.787648,66
55117.0,-87.820251,43.733217,66
55119.0,-90.412651,45.173257,66
55121.0,-91.360514,44.292059,49
55123.0,-90.836755,43.605782,49
55125.0,-89.499417,45.984593,66
55127.0,-88.540668,42.664074,66
55129.0,-91.834412,45.847241,49
55131.0,-88.215167,43.347344,66
55133.0,-88.236902,43.034419,66
55135.0,-88.937106,44.432371,66
55137.0,-89.22596,44.10115,66
55139.0,-88.540068,44.100643,66
55141.0,-89.963901,44.478782,66
56001.0,-105.598281,41.314993,25
56003.0,-108.244578,44.629497,45
56005.0,-105.494894,44.254397,45
56007.0,-107.083924,41.670117,45
56009.0,-105.527589,42.79411,45
56011.0,-104.625297,44.432535,45
56013.0,-108.608913,43.013591,45
56015.0,-104.220514,42.046971,19
56017.0,-108.230408,43.661835,45
56019.0,-106.693517,44.290845,45
56021.0,-104.773209,41.153225,25
56023.0,-110.841375,42.580437,13
56025.0,-106.336877,42.844218,45
56027.0,-104.465879,42.809987,45
56029.0,-108.97346,44.615174,41
56031.0,-104.928453,42.10231,45
56033.0,-106.974338,44.781091,45
56035.0,-109.961153,42.780901,13
56037.0,-109.295115,41.580266,13
56039.0,-110.784353,43.494174,13
56041.0,-110.767519,41.27186,13
56043.0,-107.911552,44.012142,45
56045.0,-104.312414,43.910214,45
