fips,long,lat
1001,-86.494165,32.500389
1003,-87.762381,30.548923
1005,-85.310038,31.844036
1007,-87.127659,33.030921
1009,-86.591491,33.955243
1011,-85.701192,32.116327
1013,-86.65355,31.773539
1015,-85.819442,33.72546
1017,-85.266474,32.860439
1019,-85.629194,34.179333
1021,-86.687406,32.877547
1023,-88.264164,32.016562
1025,-87.815673,31.685685
1027,-85.820227,33.272412
1029,-85.494315,33.62977
1031,-85.904715,31.354433
1033,-87.685151,34.723385
1035,-86.996483,31.418674
1037,-86.155035,32.975932
1039,-86.410955,31.282449
1041,-86.29708,31.743487
1043,-86.831859,34.162362
1045,-85.641269,31.383346
1047,-87.034955,32.408815
1049,-85.817208,34.45511
1051,-86.225647,32.559652
1053,-87.282053,31.088737
1055,-86.025393,34.013693
1057,-87.770355,33.726422
1059,-87.793594,34.460481
1061,-85.788849,31.09426
1063,-87.924,32.830505
1065,-87.626084,32.775804
1067,-85.268828,31.478593
1069,-85.391221,31.20455
1071,-85.938698,34.731984
1073,-86.814688,33.518601
1075,-88.109649,33.762769
1077,-87.608759,34.866179
1079,-87.272414,34.543683
1081,-85.345833,32.588092
1083,-86.938972,34.815612
1085,-86.618688,32.162415
1087,-85.715007,32.425739
1089,-86.613232,34.746392
1091,-87.800648,32.340479
1093,-87.8743,34.111797
1095,-86.293279,34.311974
1097,-88.170637,30.683993
1099,-87.360894,31.505611
1101,-86.243797,32.346175
1103,-86.930781,34.514252
1105,-87.369219,32.581066
1107,-88.066472,33.292973
1109,-85.948647,31.787277
1111,-85.427266,33.257607
1113,-85.062843,32.421972
1115,-86.369107,33.660628
1117,-86.737978,33.290719
1119,-88.232646,32.57442
1121,-86.169238,33.372083
1123,-85.864503,32.85306
1125,-87.520229,33.214154
1127,-87.253922,33.834858
1129,-88.18612,31.410368
1131,-87.380407,31.999753
1133,-87.415693,34.163824
2013,-162.901536,54.860151
2016,-168.292885,54.023571
2020,-149.793182,61.192232
2050,-162.151263,60.679946
2060,-156.834047,58.735464
2068,-149.032949,63.882845
2070,-158.718472,59.136256
2090,-147.624018,64.831552
2100,-135.559897,59.264125
2105,-135.384163,58.078282
2110,-134.530605,58.358516
2122,-151.064475,60.292592
2130,-131.678527,55.367858
2150,-152.460881,57.779137
2164,-156.371652,58.557351
2170,-149.421961,61.611281
2180,-165.295491,64.457026
2185,-154.862085,70.522779
2188,-161.638185,66.943735
2195,-133.115025,56.812712
2198,-132.560842,55.448164
2201,-132.60169,55.469758
2220,-135.337171,57.062746
2230,-135.311501,59.464536
2232,-135.33448,58.415975
2240,-144.687024,63.856185
2261,-145.882504,61.26149
2270,-164.314723,62.089902
2275,-132.310837,56.385821
2280,-132.85609,56.683148
2282,-139.724878,59.547975
2290,-152.550423,65.010262
4001,-109.41484,35.577687
4003,-110.063053,31.607357
4005,-111.590056,35.514426
4007,-111.007494,33.82356
4009,-109.812181,32.86733
4011,-109.248712,32.970402
4012,-114.172146,33.908361
4013,-112.04143,33.493403
4015,-114.249634,35.069679
4017,-110.211155,34.893625
4019,-110.96001,32.216707
4021,-111.588364,33.060133
4023,-110.943195,31.434733
4025,-112.267767,34.629014
4027,-114.598663,32.65004
5001,-91.461284,34.405316
5003,-91.87136,33.179373
5005,-92.383933,36.332208
5007,-94.230543,36.337348
5009,-93.099344,36.267871
5011,-92.103312,33.569321
5013,-92.495555,33.591116
5015,-93.570816,36.373069
5017,-91.318378,33.32186
5019,-93.124856,34.094705
5021,-90.372418,36.370695
5023,-92.037481,35.510232
5025,-92.139146,33.914989
5027,-93.247459,33.258045
5029,-92.70416,35.214487
5031,-90.669325,35.835235
5033,-94.28436,35.496882
5035,-90.217261,35.17736
5037,-90.775307,35.252833
5039,-92.527123,33.869213
5041,-91.417485,33.773838
5043,-91.781779,33.6274
5045,-92.405359,35.104918
5047,-93.885464,35.446102
5049,-91.764934,36.376787
5051,-93.081852,34.505811
5053,-92.412714,34.309174
5055,-90.523016,36.07312
5057,-93.623587,33.699647
5059,-92.894595,34.353464
5061,-93.910184,33.983198
5063,-91.607539,35.749801
5065,-91.908429,36.120217
5067,-91.246233,35.621102
5069,-92.041179,34.233473
5071,-93.475517,35.475272
5073,-93.557538,33.287629
5075,-91.065733,36.070224
5077,-90.774516,34.785214
5079,-91.746234,33.975379
5081,-94.195995,33.700518
5083,-93.768119,35.227532
5085,-91.970577,34.905178
5087,-93.755297,36.061309
5089,-92.663368,36.28457
5091,-93.987504,33.400831
5093,-89.999037,35.84288
5095,-91.218021,34.777729
5097,-93.622663,34.517013
5099,-93.358085,33.722168
5101,-93.1705,35.98494
5103,-92.838871,33.574461
5105,-92.779271,34.999054
5107,-90.707796,34.529768
5109,-93.624765,34.187298
5111,-90.557998,35.60191
5113,-94.258519,34.52045
5115,-93.097238,35.309776
5117,-91.536241,34.859177
5119,-92.311659,34.773719
5121,-90.98842,36.304758
5123,-90.770297,35.015313
5125,-92.546163,34.593233
5127,-94.095905,34.907145
5129,-92.659155,35.922829
5131,-94.354435,35.318195
5133,-94.304091,34.014236
5135,-91.520168,36.178493
5137,-92.137,35.856705
5139,-92.64508,33.20687
5141,-92.421475,35.567839
5143,-94.172222,36.094275
5145,-91.767388,35.243736
5147,-91.252079,35.233191
5149,-93.28946,35.120982
6001,-122.100393,37.705201
6003,-119.847603,38.728298
6005,-120.775729,38.394208
6007,-121.707635,39.669037
6009,-120.633718,38.163627
6011,-122.085557,39.156148
6013,-122.030131,37.935588
6015,-124.163088,41.791232
6017,-120.74433,38.746543
6019,-119.767884,36.738918
6021,-122.177491,39.663418
6023,-124.087189,40.752982
6025,-115.534487,32.841101
6027,-118.267513,37.160247
6029,-118.936004,35.372968
6031,-119.729084,36.242749
6033,-122.734609,38.973362
6035,-120.579176,40.392397
6037,-118.244222,34.065193
6039,-120.00675,37.043099
6041,-122.547075,37.986705
6043,-119.957219,37.542748
6045,-123.397227,39.285329
6047,-120.623989,37.281016
6049,-120.650911,41.522584
6051,-118.970594,37.763322
6053,-121.646162,36.611722
6055,-122.321646,38.329075
6057,-120.916546,39.219524
6059,-117.86288,33.733953
6061,-121.182466,38.844511
6063,-120.825847,39.983857
6065,-117.066205,33.800439
6067,-121.380861,38.56895
6069,-121.403859,36.843404
6071,-117.357474,34.190248
6073,-117.112994,32.88326
6075,-122.438323,37.759598
6077,-121.298108,37.931804
6079,-120.667689,35.342391
6081,-122.340991,37.56395
6083,-120.092602,34.639262
6085,-121.910421,37.315105
6087,-121.936728,36.985171
6089,-122.299961,40.580269
6091,-120.414236,39.612588
6093,-122.489833,41.576203
6095,-122.069324,38.235582
6097,-122.720522,38.41408
6099,-120.955577,37.619147
6101,-121.644269,39.13549
6103,-122.218704,40.115187
6105,-123.072357,40.681268
6107,-119.231547,36.251227
6109,-120.32853,37.971531
6111,-119.025018,34.241989
6113,-121.721112,38.598913
6115,-121.506626,39.13883
8001,-104.927473,39.874297
8003,-105.877245,37.483069
8005,-104.845968,39.647528
8007,-107.085027,37.240087
8009,-102.527089,37.368221
8011,-103.1631,38.072386
8013,-105.183981,40.063299
8014,-105.055491,39.936888
8015,-106.082645,38.676497
8017,-102.45777,38.816795
8019,-105.52965,39.712957
8021,-105.989049,37.195652
8023,-105.448477,37.281779
8025,-103.857439,38.188547
8027,-105.381557,38.134216
8029,-107.910553,38.798565
8031,-104.955068,39.72143
8033,-108.75741,37.740817
8035,-104.879712,39.48527
8037,-106.717771,39.599453
8039,-104.51913,39.382868
8041,-104.758477,38.873669
8043,-105.206532,38.426058
8045,-107.539356,39.507561
8047,-105.48021,39.85702
8049,-105.9754,40.050388
8051,-106.944723,38.657886
8053,-107.29653,37.996875
8055,-104.884201,37.616312
8057,-106.291292,40.692851
8059,-105.128819,39.720524
8061,-102.680579,38.470657
8063,-102.435733,39.309763
8065,-106.308061,39.24587
8067,-107.806184,37.265198
8069,-105.099218,40.504546
8071,-104.503149,37.196601
8073,-103.613697,39.173232
8075,-103.187715,40.639399
8077,-108.543768,39.092851
8079,-106.935586,37.798623
8081,-107.625859,40.515239
8083,-108.557116,37.370817
8085,-107.934568,38.479142
8087,-103.781517,40.256023
8089,-103.657432,38.024096
8091,-107.746232,38.139834
8093,-105.623144,39.311718
8095,-102.387354,40.599517
8097,-106.907765,39.232543
8099,-102.547035,38.083772
8101,-104.645147,38.263685
8103,-108.280174,40.051033
8105,-106.238805,37.616658
8107,-106.899535,40.453133
8109,-106.019489,37.915302
8111,-107.673989,37.804646
8113,-107.960034,37.974202
8115,-102.32767,40.960246
8117,-106.054579,39.573131
8119,-105.140532,38.94355
8121,-103.156814,40.092526
8123,-104.788507,40.328082
8125,-102.486935,40.069473
9001,-73.364521,41.207889
9003,-72.717282,41.761943
9005,-73.187494,41.727851
9007,-72.571408,41.478564
9009,-72.941497,41.396052
9011,-72.097683,41.443373
9013,-72.37209,41.842762
9015,-71.995072,41.804225
10001,-75.558604,39.12322
10003,-75.634376,39.68502
10005,-75.346649,38.662387
11001,-77.014468,38.91027
12001,-82.386845,29.665903
12003,-82.185477,30.288432
12005,-85.660217,30.206925
12007,-82.128192,29.953429
12009,-80.690979,28.232195
12011,-80.227135,26.134058
12013,-85.122189,30.463143
12015,-82.119946,26.954793
12017,-82.453512,28.863598
12019,-81.79941,30.084386
12021,-81.699625,26.199831
12023,-82.660566,30.126051
12027,-81.864094,27.189369
12029,-83.056329,29.634179
12031,-81.622853,30.300302
12033,-87.274788,30.485314
12035,-81.224735,29.523494
12037,-84.822838,29.786787
12039,-84.581397,30.59828
12041,-82.808262,29.704639
12043,-81.185404,26.896029
12045,-85.259478,29.988579
12047,-82.997218,30.501534
12049,-81.815432,27.548312
12051,-81.202571,26.705392
12053,-82.496961,28.50485
12055,-81.442555,27.460415
12057,-82.401275,27.976529
12059,-85.758558,30.847684
12061,-80.440581,27.671827
12063,-85.216119,30.80024
12065,-83.886291,30.504031
12067,-83.179508,30.065418
12069,-81.752026,28.735689
12071,-81.858144,26.574992
12073,-84.270371,30.466103
12075,-82.666319,29.379995
12077,-84.905169,30.399795
12079,-83.430563,30.47263
12081,-82.532775,27.477054
12083,-82.123367,29.140116
12085,-80.244395,27.1443
12086,-80.298888,25.774565
12087,-81.263945,24.739678
12089,-81.647153,30.607962
12091,-86.567105,30.542829
12093,-80.822153,27.272057
12095,-81.384377,28.532855
12097,-81.383484,28.266765
12099,-80.146119,26.617075
12101,-82.51608,28.261606
12103,-82.727651,27.899794
12105,-81.799975,28.03114
12107,-81.720431,29.609299
12109,-81.421504,29.977088
12111,-80.353183,27.338067
12113,-87.036954,30.549593
12115,-82.423893,27.208205
12117,-81.310445,28.697834
12119,-82.035469,28.825768
12121,-82.987546,30.214688
12123,-83.597967,30.064881
12125,-82.356919,30.010768
12127,-81.123944,29.073725
12129,-84.331546,30.185525
12131,-86.190665,30.583729
12133,-85.625419,30.650718
13001,-82.338473,31.77388
13003,-82.886363,31.317301
13005,-82.466071,31.547221
13007,-84.437989,31.307754
13009,-83.245659,33.084849
13011,-83.506647,34.351255
13013,-83.7275,33.993054
13015,-84.829122,34.208435
13017,-83.248636,31.727638
13019,-83.252459,31.238588
13021,-83.687184,32.832049
13023,-83.33214,32.401368
13025,-81.96997,31.216648
13027,-83.54009,30.842082
13029,-81.375954,31.979537
13031,-81.76242,32.417702
13033,-81.998447,33.101987
13035,-83.970002,33.296102
13037,-84.668445,31.527412
13039,-81.635079,30.814165
13043,-82.062305,32.399861
13045,-85.044673,33.622193
13047,-85.17282,34.927795
13049,-82.023033,30.780002
13051,-81.126449,32.036008
13053,-84.899254,32.344231
13055,-85.344167,34.495509
13057,-84.496595,34.169606
13059,-83.380863,33.950406
13061,-85.013368,31.633549
13063,-84.362238,33.553383
13065,-82.740932,31.017888
13067,-84.557878,33.943254
13069,-82.840667,31.516
13071,-83.768671,31.180955
13073,-82.165654,33.51622
13075,-83.424499,31.149847
13077,-84.736399,33.379117
13079,-83.934002,32.707681
13081,-83.777791,31.947962
13083,-85.497004,34.882709
13085,-84.104119,34.40138
13087,-84.57036,30.888345
13089,-84.248029,33.789813
13091,-83.175591,32.212815
13093,-83.784195,32.16758
13095,-84.167625,31.573426
13097,-84.734644,33.724923
13099,-84.916722,31.331726
13101,-83.057989,30.708629
13103,-81.299511,32.291745
13105,-82.879523,34.126521
13107,-82.307952,32.58586
13109,-81.907367,32.169649
13111,-84.313402,34.901383
13113,-84.512414,33.427941
13115,-85.183164,34.255796
13117,-84.144322,34.19492
13119,-83.186079,34.377335
13121,-84.393645,33.836086
13123,-84.483646,34.677249
13125,-82.609847,33.235927
13127,-81.486488,31.202698
13129,-84.908795,34.498326
13131,-84.214288,30.882764
13133,-83.166093,33.549876
13135,-84.057963,33.951956
13137,-83.541626,34.56516
13139,-83.844712,34.275205
13141,-83.002047,33.255825
13143,-85.18547,33.76192
13145,-84.895034,32.699933
13147,-82.964953,34.355413
13149,-85.1134,33.309334
13151,-84.175416,33.475842
13153,-83.663357,32.571603
13155,-83.280834,31.604647
13157,-83.584805,34.132059
13159,-83.724341,33.356251
13161,-82.600696,31.848776
13163,-82.407657,33.063551
13165,-81.950133,32.794618
13167,-82.679535,32.701199
13169,-83.54514,32.962134
13171,-84.1544,33.08002
13173,-83.090886,31.035393
13175,-82.926131,32.516487
13177,-84.173396,31.681194
13179,-81.578482,31.827766
13181,-82.44638,33.781126
13183,-81.733663,31.778807
13185,-83.280221,30.857006
13187,-83.986879,34.524951
13189,-82.469866,33.459617
13191,-81.407579,31.47526
13193,-84.038814,32.325042
13195,-83.24068,34.104614
13197,-84.523557,32.380907
13199,-84.672846,33.008863
13201,-84.737198,31.159722
13205,-84.172094,31.216853
13207,-83.906823,33.038194
13209,-82.533261,32.167319
13211,-83.485957,33.600243
13213,-84.792066,34.782329
13215,-84.930634,32.492289
13217,-83.896609,33.56952
13219,-83.457946,33.875278
13221,-83.14492,33.916594
13223,-84.816609,33.905688
13225,-83.82958,32.584826
13227,-84.442301,34.455892
13229,-82.240429,31.314668
13231,-84.366796,33.103227
13233,-85.176771,34.010878
13235,-83.480342,32.275344
13237,-83.339663,33.317059
13239,-85.077727,31.859377
13241,-83.407223,34.87903
13243,-84.758026,31.760403
13245,-82.049444,33.426859
13247,-84.020894,33.642043
13249,-84.306781,32.241549
13251,-81.627328,32.722842
13253,-84.868027,30.972496
13255,-84.273339,33.258051
13257,-83.288681,34.556904
13259,-84.764519,32.069335
13261,-84.221818,32.059981
13263,-84.582116,32.703124
13265,-82.88576,33.5688
13267,-82.052217,32.043908
13269,-84.215083,32.560542
13271,-82.892471,32.01562
13273,-84.42886,31.772157
13275,-83.948411,30.868962
13277,-83.515048,31.454362
13279,-82.367022,32.183936
13281,-83.782961,34.938692
13283,-82.589718,32.387047
13285,-85.031746,33.036737
13287,-83.636891,31.700824
13289,-83.416286,32.703662
13291,-84.002286,34.874243
13293,-84.324382,32.907469
13295,-85.293376,34.83654
13297,-83.784266,33.795381
13299,-82.383943,31.22682
13301,-82.662844,33.407596
13303,-82.773406,32.962029
13305,-81.919105,31.611857
13307,-84.560657,32.049343
13309,-82.751307,32.146558
13311,-83.744309,34.601048
13313,-84.965686,34.792742
13315,-83.405657,31.975167
13317,-82.753524,33.755364
13319,-83.239491,32.8443
13321,-83.861186,31.535712
15001,-155.421895,19.672837
15003,-157.913673,21.372464
15005,-156.979972,21.188495
15007,-159.442112,22.021022
15009,-156.493816,20.863747
16001,-116.304409,43.611186
16003,-116.375947,44.848619
16005,-112.423672,42.869212
16007,-111.341632,42.306336
16009,-116.639736,47.271692
16011,-112.355721,43.217372
16013,-114.294277,43.541366
16015,-115.993695,43.899702
16017,-116.630982,48.235649
16019,-111.997623,43.494876
16021,-116.302851,48.705964
16023,-113.294562,43.699097
16025,-114.756451,43.350524
16027,-116.627276,43.611438
16029,-111.656063,42.643778
16031,-113.741833,42.482791
16033,-112.278608,44.185815
16035,-116.185221,46.48524
16037,-114.048035,44.285168
16039,-115.684407,43.11532
16041,-111.872202,42.0993
16043,-111.615464,44.014844
16045,-116.506739,43.884323
16047,-114.751067,42.852717
16049,-116.106566,45.974127
16051,-111.969394,43.691123
16053,-114.462669,42.698447
16055,-116.832581,47.73713
16057,-116.934434,46.742968
16059,-113.86153,45.127412
16061,-116.25739,46.238066
16063,-114.326069,42.973467
16065,-111.794073,43.819114
16067,-113.712227,42.613266
16069,-116.950462,46.394126
16071,-112.301274,42.181568
16073,-116.681558,43.376748
16075,-116.894281,44.020334
16077,-112.829004,42.775001
16079,-116.085925,47.514637
16081,-111.125546,43.692977
16083,-114.504002,42.558563
16085,-116.073719,44.758677
16087,-116.919922,44.297898
17001,-91.328948,39.943826
17003,-89.289666,37.149251
17005,-89.432819,38.884622
17007,-88.851989,42.293981
17009,-90.746466,39.964815
17011,-89.42378,41.382964
17013,-90.63801,39.12353
17015,-89.963255,42.071879
17017,-90.319209,39.979866
17019,-88.233083,40.128073
17021,-89.254627,39.525298
17023,-87.800246,39.351007
17025,-88.490134,38.716132
17027,-89.472099,38.587753
17029,-88.258277,39.487297
17031,-87.757714,41.865937
17033,-87.748024,39.00569
17035,-88.280887,39.275965
17037,-88.72946,41.927172
17039,-88.908946,40.171701
17041,-88.279794,39.766826
17043,-88.071617,41.849815
17045,-87.71537,39.635942
17047,-88.04063,38.402493
17049,-88.576033,39.094723
17051,-89.033295,38.997829
17053,-88.217453,40.527422
17055,-88.953316,37.962135
17057,-90.119357,40.521963
17059,-88.238563,37.770001
17061,-90.373465,39.37224
17063,-88.347437,41.345274
17065,-88.557747,38.092156
17067,-91.203133,40.425725
17069,-88.290573,37.478453
17071,-90.9448,40.828841
17073,-90.134757,41.348782
17075,-87.834391,40.763597
17077,-89.274031,37.747793
17079,-88.159885,39.003765
17081,-88.910808,38.308488
17083,-90.32042,39.072862
17085,-90.305944,42.411324
17087,-88.882358,37.474558
17089,-88.331264,41.918111
17091,-87.850867,41.148582
17093,-88.379066,41.663724
17095,-90.328601,40.937032
17097,-87.969458,42.313072
17099,-88.895997,41.350798
17101,-87.748328,38.718291
17103,-89.398207,41.810242
17105,-88.573187,40.907044
17107,-89.361505,40.140775
17109,-90.669344,40.469472
17111,-88.34988,42.271472
17113,-88.954977,40.494123
17115,-88.947076,39.851176
17117,-89.877035,39.19403
17119,-90.018097,38.801396
17121,-89.016967,38.59071
17123,-89.315638,41.043034
17125,-89.898924,40.286475
17127,-88.714109,37.178592
17129,-89.799507,39.99726
17131,-90.687167,41.214043
17133,-90.171163,38.358529
17135,-89.505319,39.198961
17137,-90.231161,39.718155
17139,-88.614419,39.631979
17141,-89.256098,42.028653
17143,-89.638993,40.742915
17145,-89.323862,38.058514
17147,-88.581585,40.007008
17149,-90.859127,39.621311
17151,-88.54991,37.39893
17153,-89.13475,37.199543
17155,-89.270945,41.229306
17157,-89.809249,38.055541
17159,-88.088315,38.725943
17161,-90.504005,41.489142
17163,-90.000674,38.550219
17165,-88.536395,37.754786
17167,-89.652867,39.772757
17169,-90.568639,40.13118
17171,-90.462754,39.645737
17173,-88.802073,39.396539
17175,-89.792451,41.098377
17177,-89.644541,42.324139
17179,-89.534104,40.602899
17181,-89.236505,37.46858
17183,-87.654806,40.149683
17185,-87.789625,38.431283
17187,-90.636371,40.890638
17189,-89.39393,38.359407
17191,-88.422496,38.406869
17193,-88.192241,38.089959
17195,-89.823253,41.780798
17197,-88.057232,41.565138
17199,-88.974979,37.755675
17201,-89.06224,42.307128
17203,-89.29031,40.771239
18001,-84.934317,40.753767
18003,-85.122329,41.098642
18005,-85.902794,39.216785
18007,-87.291433,40.575066
18009,-85.34419,40.469726
18011,-86.398737,40.013009
18013,-86.20969,39.236241
18015,-86.600098,40.578983
18017,-86.339592,40.747104
18019,-85.732035,38.371546
18021,-87.124217,39.469066
18023,-86.512307,40.298201
18025,-86.423444,38.313435
18027,-87.098076,38.696963
18029,-84.920935,39.14462
18031,-85.494211,39.319975
18033,-85.034285,41.378214
18035,-85.401962,40.20517
18037,-86.914032,38.357067
18039,-85.906728,41.637679
18041,-85.147496,39.640791
18043,-85.855645,38.321514
18045,-87.271946,40.152089
18047,-85.070265,39.401885
18049,-86.220078,41.059389
18051,-87.546685,38.30918
18053,-85.644413,40.525253
18055,-86.992172,39.052316
18057,-86.059737,40.002534
18059,-85.824125,39.811662
18061,-86.097474,38.233745
18063,-86.415055,39.772784
18065,-85.403678,39.928644
18067,-86.132959,40.470704
18069,-85.487085,40.870224
18071,-85.942654,38.925896
18073,-87.149436,41.075783
18075,-85.033025,40.428424
18077,-85.433692,38.758956
18079,-85.648821,39.005169
18081,-86.113609,39.553276
18083,-87.45768,38.698623
18085,-85.830484,41.266796
18087,-85.46117,41.6324
18089,-87.408155,41.526226
18091,-86.790977,41.631837
18093,-86.495718,38.846386
18095,-85.708901,40.11412
18097,-86.135905,39.791299
18099,-86.273082,41.347248
18101,-86.848113,38.678357
18103,-86.073933,40.730651
18105,-86.537697,39.162879
18107,-86.90006,40.03511
18109,-86.399318,39.512251
18111,-87.380385,40.994087
18113,-85.391205,41.413892
18115,-84.911295,38.954549
18117,-86.496982,38.562156
18119,-86.799822,39.315596
18121,-87.227997,39.758327
18123,-86.705205,38.009327
18125,-87.233923,38.424833
18127,-87.105308,41.513679
18129,-87.823041,38.013245
18131,-86.685266,41.050592
18133,-86.835611,39.646107
18135,-84.997064,40.168573
18137,-85.218379,39.159402
18139,-85.474569,39.623616
18141,-86.228686,41.6754
18143,-85.762718,38.698198
18145,-85.789825,39.536039
18147,-87.011149,38.015495
18149,-86.631962,41.282896
18151,-85.010662,41.649521
18153,-87.390988,39.103093
18155,-85.023499,38.819835
18157,-86.886971,40.41788
18159,-86.050587,40.308849
18161,-84.919102,39.618626
18163,-87.551819,37.996062
18165,-87.440231,39.763164
18167,-87.387985,39.460817
18169,-85.802372,40.858522
18171,-87.326289,40.312186
18173,-87.352574,38.012884
18175,-86.086677,38.572886
18177,-84.949811,39.842737
18179,-85.194412,40.770771
18181,-86.810306,40.755698
18183,-85.47848,41.163144
19001,-94.479157,41.344629
19003,-94.709635,41.006693
19005,-91.417115,43.25705
19007,-92.867034,40.739836
19009,-94.925302,41.676829
19011,-92.017478,42.06222
19013,-92.370013,42.490851
19015,-93.895155,42.026494
19017,-92.376967,42.743058
19019,-91.901041,42.486957
19021,-95.181444,42.679153
19023,-92.758692,42.707538
19025,-94.625331,42.400162
19027,-94.867634,42.038571
19029,-94.979466,41.365898
19031,-91.137388,41.757883
19033,-93.246222,43.135116
19035,-95.593937,42.749288
19037,-92.344319,43.038059
19039,-93.78126,41.036835
19041,-95.159571,43.127315
19043,-91.322919,42.860097
19045,-90.335737,41.852707
19047,-95.358454,42.027366
19049,-93.923368,41.645223
19051,-92.415821,40.765097
19053,-93.821366,40.71001
19055,-91.383342,42.482434
19057,-91.141489,40.833525
19059,-95.133548,43.389624
19061,-90.759915,42.493726
19063,-94.75499,43.394425
19065,-91.855375,42.820385
19067,-92.75233,43.074625
19069,-93.240318,42.755202
19071,-95.623322,40.747942
19073,-94.375962,42.029792
19075,-92.748284,42.380262
19077,-94.431251,41.669446
19079,-93.766985,42.407552
19081,-93.705072,43.092013
19083,-93.215799,42.436775
19085,-95.807433,41.662391
19087,-91.537058,40.981343
19089,-92.231027,43.361616
19091,-94.215551,42.74679
19093,-95.504381,42.391343
19095,-92.039923,41.702615
19097,-90.566782,42.139283
19099,-93.070038,41.678374
19101,-91.964603,41.013171
19103,-91.55831,41.679755
19105,-91.198513,42.136467
19107,-92.17499,41.325439
19109,-94.22057,43.147016
19111,-91.396226,40.55857
19113,-91.647251,42.009607
19115,-91.259929,41.22579
19117,-93.313045,41.021148
19119,-96.218544,43.385265
19121,-93.989405,41.347064
19123,-92.641016,41.31208
19125,-93.04269,41.35483
19127,-92.938421,42.031353
19129,-95.695267,41.04967
19131,-92.803247,43.336257
19133,-95.985135,42.063026
19135,-92.827682,41.035615
19137,-95.167995,41.008619
19139,-91.078997,41.464065
19141,-95.690881,43.126413
19143,-95.680373,43.38638
19145,-95.188476,40.747616
19147,-94.690212,43.099878
19149,-96.203431,42.747907
19151,-94.700868,42.745402
19153,-93.641654,41.623296
19155,-95.79515,41.278533
19157,-92.620663,41.709953
19159,-94.23852,40.733763
19161,-95.088801,42.375805
19163,-90.567812,41.563153
19165,-95.320336,41.665153
19167,-96.16727,43.079825
19169,-93.601827,42.026371
19171,-92.542587,42.065599
19173,-94.673438,40.755364
19175,-94.318925,41.053083
19177,-91.939134,40.745557
19179,-92.418385,41.016218
19181,-93.588243,41.400885
19183,-91.695465,41.361978
19185,-93.312926,40.740054
19187,-94.179066,42.480374
19189,-93.667031,43.34288
19191,-91.814375,43.281284
19193,-96.344174,42.483225
19195,-93.252258,43.36654
19197,-93.755488,42.732195
20001,-95.367053,37.896584
20003,-95.264386,38.250112
20005,-95.181488,39.555583
20007,-98.557384,37.212182
20009,-98.757739,38.394738
20011,-94.749443,37.845557
20013,-95.550384,39.801273
20015,-96.989771,37.727135
20017,-96.559378,38.358336
20019,-96.231466,37.111002
20021,-94.755079,37.115229
20023,-101.738994,39.768136
20025,-99.873033,37.290453
20027,-97.12257,39.356195
20029,-97.637247,39.53395
20031,-95.739982,38.247657
20033,-99.365215,37.23627
20035,-96.997786,37.174285
20037,-94.731394,37.439934
20039,-100.490859,39.804329
20041,-97.149128,38.881314
20043,-95.07501,39.788642
20045,-95.251337,38.941783
20047,-99.354911,37.914412
20049,-96.236702,37.421638
20051,-99.32999,38.88156
20053,-98.262851,38.721016
20055,-100.86582,37.97733
20057,-99.994842,37.751112
20059,-95.260071,38.602731
20061,-96.83925,39.03865
20063,-100.374241,39.047631
20065,-99.857852,39.359746
20067,-101.34973,37.580306
20069,-100.412964,37.726577
20071,-101.763211,38.487089
20073,-96.226569,37.85753
20075,-101.76766,37.979185
20077,-98.051218,37.215092
20079,-97.385273,38.047085
20081,-100.89411,37.500029
20083,-99.867564,38.083504
20085,-95.751346,39.400924
20087,-95.397856,39.210891
20089,-98.201227,39.775457
20091,-94.737132,38.928049
20093,-101.237967,37.954211
20095,-98.097712,37.608437
20097,-99.257059,37.598711
20099,-95.260544,37.258236
20101,-100.487778,38.503002
20103,-94.959302,39.238518
20105,-98.175271,39.036065
20107,-94.801632,38.237359
20109,-100.925261,39.098288
20111,-96.179779,38.416154
20113,-97.647603,38.381163
20115,-97.124507,38.326437
20117,-96.573612,39.800028
20119,-100.394216,37.292089
20121,-94.836385,38.590405
20123,-98.174198,39.454968
20125,-95.695334,37.139982
20127,-96.588826,38.698154
20129,-101.838333,37.047093
20131,-95.962628,39.829915
20133,-95.39482,37.624963
20135,-99.898826,38.492429
20137,-99.878289,39.820601
20139,-95.711621,38.698945
20141,-98.707572,39.424792
20143,-97.681833,39.096434
20145,-99.147286,38.178541
20147,-99.349355,39.757048
20149,-96.316121,39.258473
20151,-98.731177,37.645065
20153,-101.053756,39.807807
20155,-97.933041,38.050915
20157,-97.659183,39.818188
20159,-98.201028,38.321963
20161,-96.633015,39.189473
20163,-99.316791,39.314266
20165,-99.283593,38.525797
20167,-98.824959,38.904508
20169,-97.606733,38.815777
20171,-100.913605,38.482303
20173,-97.344603,37.678808
20175,-100.9161,37.052196
20177,-95.705467,39.035591
20179,-100.467964,39.36791
20181,-101.726283,39.349294
20183,-98.809623,39.770675
20185,-98.736685,38.00686
20187,-101.756238,37.566267
20189,-101.322335,37.190103
20191,-97.406852,37.304076
20193,-101.04619,39.38443
20195,-99.881979,39.004452
20197,-96.177572,38.984769
20199,-101.765288,38.888589
20201,-97.054087,39.782029
20203,-101.349386,38.494297
20205,-95.741217,37.512574
20207,-95.739522,37.8733
20209,-94.707937,39.104143
21001,-85.279096,37.107756
21003,-86.208056,36.747908
21005,-84.923071,38.028088
21007,-88.97886,37.04421
21009,-85.931813,36.996774
21011,-83.73656,38.139441
21013,-83.701396,36.687928
21015,-84.679715,38.9871
21017,-84.246611,38.202978
21019,-82.666548,38.431905
21021,-84.799493,37.635777
21023,-84.070088,38.702562
21025,-83.37768,37.520092
21027,-86.410471,37.770382
21029,-85.655385,38.022943
21031,-86.680574,37.218921
21033,-87.87922,37.127446
21035,-88.305814,36.620185
21037,-84.44141,39.035049
21039,-88.94788,36.854337
21041,-85.139328,38.668554
21043,-83.03816,38.313503
21045,-84.924168,37.303319
21047,-87.478173,36.810955
21049,-84.182232,37.986825
21051,-83.746759,37.169598
21053,-85.135223,36.713992
21055,-88.095078,37.332496
21057,-85.389079,36.778888
21059,-87.094971,37.747732
21061,-86.255277,37.196775
21063,-83.106515,38.122128
21065,-83.988899,37.706277
21067,-84.496639,38.020523
21069,-83.708286,38.388567
21071,-82.738526,37.552299
21073,-84.867592,38.196045
21075,-89.035017,36.538176
21077,-84.842979,38.764401
21079,-84.575557,37.649333
21081,-84.602069,38.688104
21083,-88.650362,36.741213
21085,-86.306723,37.46909
21087,-85.538944,37.265597
21089,-82.812206,38.555431
21091,-86.804762,37.868017
21093,-85.917039,37.746047
21095,-83.232825,36.865625
21097,-84.314823,38.415966
21099,-85.885789,37.278157
21101,-87.564405,37.818482
21103,-85.179495,38.431904
21105,-88.959953,36.666725
21107,-87.523154,37.305866
21109,-83.99368,37.402802
21111,-85.691832,38.201775
21113,-84.587046,37.884455
21115,-82.813992,37.829598
21117,-84.548581,39.01319
21119,-82.940555,37.32759
21121,-83.915231,36.901584
21123,-85.723408,37.544796
21125,-84.087834,37.091397
21127,-82.681643,38.078995
21129,-83.701692,37.591773
21131,-83.37635,37.115255
21133,-82.807173,37.14583
21135,-83.347091,38.562531
21137,-84.669872,37.473121
21139,-88.350899,37.135813
21141,-86.865922,36.85949
21143,-88.079778,37.060704
21145,-88.648273,37.048079
21147,-84.446083,36.715761
21149,-87.219315,37.513232
21151,-84.287451,37.70616
21153,-83.056234,37.729816
21155,-85.287195,37.569587
21157,-88.339329,36.898302
21159,-82.51692,37.830545
21161,-83.788535,38.616398
21163,-86.132811,37.934298
21165,-83.598399,37.939449
21167,-84.849691,37.785009
21169,-85.641586,36.990816
21171,-85.729921,36.708328
21173,-83.917436,38.035773
21175,-83.266566,37.91274
21177,-87.14704,37.23809
21179,-85.460371,37.818018
21181,-84.023779,38.327655
21183,-86.864293,37.465058
21185,-85.459538,38.372848
21187,-84.831925,38.531935
21189,-83.684099,37.452097
21191,-84.359742,38.715798
21193,-83.20106,37.257625
21195,-82.420659,37.463505
21197,-83.88113,37.852293
21199,-84.614645,37.092819
21201,-84.048848,38.520826
21203,-84.348396,37.381612
21205,-83.442318,38.194616
21207,-85.05932,37.029336
21209,-84.570575,38.231691
21211,-85.230241,38.213513
21213,-86.572109,36.733285
21215,-85.350915,38.059721
21217,-85.343425,37.350402
21219,-87.171454,36.81176
21221,-87.836202,36.847047
21223,-85.332526,38.620698
21225,-87.926958,37.653315
21227,-86.434563,36.970396
21229,-85.190875,37.738655
21231,-84.844614,36.837888
21233,-87.687044,37.499711
21235,-84.140995,36.809692
21237,-83.510902,37.740622
21239,-84.727271,38.050068
22001,-92.351799,30.278555
22003,-92.774458,30.669387
22005,-90.934028,30.248525
22007,-91.06645,29.922957
22009,-92.062566,31.053586
22011,-93.287136,30.733885
22013,-93.080261,32.388898
22015,-93.656675,32.555697
22017,-93.800831,32.472074
22019,-93.261485,30.227531
22021,-92.103757,32.078215
22023,-93.212142,29.956693
22025,-91.824471,31.696936
22027,-93.03306,32.833682
22029,-91.545991,31.592783
22031,-93.776734,32.10498
22033,-91.100943,30.462492
22035,-91.19516,32.770972
22037,-91.089224,30.826843
22039,-92.362231,30.685722
22041,-91.696268,32.143813
22043,-92.542816,31.534149
22045,-91.810231,29.994199
22047,-91.234302,30.272099
22049,-92.646015,32.280659
22051,-90.153175,29.945261
22053,-92.738028,30.240194
22055,-92.043759,30.205215
22057,-90.615099,29.679993
22059,-92.172553,31.730558
22061,-92.64793,32.549258
22063,-90.840765,30.483388
22065,-91.196834,32.397648
22067,-91.886161,32.786393
22069,-93.097361,31.759482
22071,-90.05284,29.972699
22073,-92.129634,32.514346
22075,-89.90076,29.72176
22077,-91.50006,30.67107
22079,-92.457473,31.28458
22081,-93.307602,32.054629
22083,-91.714756,32.441085
22085,-93.566643,31.581882
22087,-89.934425,29.928239
22089,-90.376773,29.939397
22091,-90.693879,30.788338
22093,-90.737207,30.020769
22095,-90.513417,30.071497
22097,-92.111314,30.514029
22099,-91.835169,30.229052
22101,-91.344782,29.740593
22103,-89.948329,30.383308
22105,-90.455513,30.571611
22107,-91.297084,31.964792
22109,-90.722239,29.592812
22111,-92.404307,32.794504
22113,-92.165923,29.993689
22115,-93.245823,31.094949
22117,-89.996174,30.835918
22119,-93.340925,32.7001
22121,-91.264463,30.443957
22123,-91.431802,32.816551
22125,-91.404737,30.893607
22127,-92.676588,31.929892
23001,-70.201312,44.119069
23003,-68.086628,46.705048
23005,-70.305589,43.748088
23007,-70.225634,44.70749
23009,-68.467743,44.471475
23011,-69.749178,44.396102
23013,-69.162849,44.129786
23015,-69.555057,44.032332
23017,-70.61336,44.28237
23019,-68.79423,44.953036
23021,-69.263375,45.242097
23023,-69.869704,43.956202
23025,-69.685757,44.821921
23027,-69.086553,44.491137
23029,-67.464919,44.863591
23031,-70.640561,43.424108
24001,-78.822261,39.629197
24003,-76.598917,39.067301
24005,-76.620366,39.369252
24009,-76.542042,38.548518
24011,-75.831491,38.874331
24013,-76.9931,39.527218
24015,-75.936585,39.613824
24017,-76.953006,38.578559
24019,-76.009758,38.570623
24021,-77.400231,39.432254
24023,-79.303138,39.512187
24025,-76.310879,39.521376
24027,-76.856729,39.219271
24029,-76.058525,39.24506
24031,-77.122862,39.086185
24033,-76.889947,38.908576
24035,-76.148099,39.022436
24037,-76.578864,38.307326
24039,-75.743445,38.132883
24041,-76.098126,38.769665
24043,-77.731386,39.617574
24045,-75.595082,38.371571
24047,-75.238169,38.301936
24510,-76.619614,39.314892
25001,-70.333968,41.690216
25003,-73.216577,42.460781
25005,-71.108301,41.793219
25007,-70.602745,41.421286
25009,-70.987816,42.62479
25011,-72.558703,42.578289
25013,-72.575325,42.125927
25015,-72.573322,42.312537
25017,-71.255223,42.448546
25019,-70.09112,41.267912
25021,-71.14756,42.202695
25023,-70.853689,42.023962
25025,-71.078632,42.334806
25027,-71.805321,42.303704
26001,-83.467594,44.665115
26003,-86.70041,46.388671
26005,-85.874288,42.603137
26007,-83.504463,45.050953
26009,-85.198692,44.978647
26011,-83.88273,44.044496
26013,-88.45426,46.765021
26015,-85.341744,42.614153
26017,-83.928385,43.630574
26019,-86.016123,44.650382
26021,-86.407539,41.987514
26023,-85.031761,41.929764
26025,-85.101835,42.289509
26027,-86.040589,41.891974
26029,-85.115158,45.247029
26031,-84.518691,45.512741
26033,-84.395364,46.367641
26035,-84.826409,43.945731
26037,-84.55503,42.891278
26039,-84.666533,44.655061
26041,-87.066378,45.802381
26043,-88.01381,45.833651
26045,-84.740485,42.64387
26047,-84.908934,45.433951
26049,-83.694732,43.006414
26051,-84.437377,43.967071
26053,-89.978538,46.435975
26055,-85.607171,44.710656
26057,-84.629372,43.343314
26059,-84.603983,41.917025
26061,-88.54161,47.12765
26063,-83.061783,43.833604
26065,-84.487816,42.68888
26067,-85.085925,42.956879
26069,-83.53696,44.356582
26071,-88.534279,46.098021
26073,-84.799832,43.607247
26075,-84.406366,42.241313
26077,-85.584896,42.26348
26079,-85.166074,44.720698
26081,-85.626605,42.963793
26083,-88.30247,47.333639
26085,-85.798358,43.95981
26087,-83.250561,43.059695
26089,-85.732585,44.909768
26091,-84.052388,41.925187
26093,-83.857596,42.573054
26095,-85.550951,46.334456
26097,-84.879992,45.997905
26099,-82.957388,42.58689
26101,-86.188019,44.303916
26103,-87.494598,46.486961
26105,-86.347842,43.974937
26107,-85.388822,43.653562
26109,-87.582124,45.341048
26111,-84.298064,43.642775
26113,-85.179438,44.305822
26115,-83.485782,41.900249
26117,-85.180571,43.288474
26119,-84.123031,44.999428
26121,-86.215441,43.244173
26123,-85.809843,43.46692
26125,-83.310386,42.587535
26127,-86.304176,43.632703
26129,-84.123289,44.287569
26131,-89.2851,46.720246
26133,-85.351195,43.965561
26135,-84.147141,44.696783
26137,-84.666879,45.006777
26139,-86.021326,42.909362
26141,-83.873629,45.356834
26143,-84.649836,44.364864
26145,-83.993736,43.3982
26147,-82.564383,42.911355
26149,-85.52719,41.888048
26151,-82.779371,43.364275
26153,-86.227647,46.004789
26155,-84.147237,42.942805
26157,-83.435718,43.429727
26159,-86.00994,42.260692
26161,-83.727147,42.256943
26163,-83.217933,42.33261
26165,-85.485562,44.307684
27001,-93.524368,46.570765
27003,-93.270245,45.195145
27005,-95.776251,46.849159
27007,-94.863032,47.591009
27009,-94.102484,45.633538
27011,-96.443222,45.400021
27013,-93.998839,44.129816
27015,-94.599226,44.284244
27017,-92.536239,46.642726
27019,-93.679956,44.83804
27021,-94.415763,46.814565
27023,-95.620749,44.960561
27025,-92.924051,45.453007
27027,-96.672421,46.857998
27029,-95.388249,47.561894
27031,-90.337909,47.783499
27033,-95.119501,43.94151
27035,-94.158899,46.430372
27037,-93.151767,44.765954
27039,-92.808798,44.02998
27041,-95.39199,45.909027
27043,-93.957933,43.680245
27045,-92.082719,43.692687
27047,-93.361794,43.662563
27049,-92.667524,44.449072
27051,-95.936611,45.943212
27053,-93.36119,44.974633
27055,-91.440063,43.718927
27057,-94.934153,47.057887
27059,-93.261468,45.544297
27061,-93.520532,47.315978
27063,-95.112558,43.665988
27065,-93.299412,45.886315
27067,-95.016796,45.15505
27069,-96.781108,48.729536
27071,-93.485728,48.509405
27073,-96.133339,44.982243
27075,-91.55743,47.180205
27077,-94.745194,48.765863
27079,-93.717527,44.39373
27081,-96.253532,44.375241
27083,-95.795395,44.428427
27085,-94.264668,44.859713
27087,-95.840755,47.296073
27089,-96.532098,48.310109
27091,-94.511487,43.665285
27093,-94.482983,45.136368
27095,-93.624487,45.794231
27097,-94.327628,45.983428
27099,-92.898185,43.665099
27101,-95.74103,43.98645
27103,-94.06079,44.265357
27105,-95.667405,43.636327
27107,-96.477907,47.307989
27109,-92.473176,44.023967
27111,-95.793598,46.405065
27113,-96.148403,48.102255
27115,-92.892705,46.03341
27117,-96.270609,43.981472
27119,-96.550934,47.780427
27121,-95.43713,45.629871
27123,-93.106321,44.993146
27125,-96.135646,47.876104
27127,-95.195158,44.43888
27129,-94.937875,44.721974
27131,-93.260361,44.370592
27133,-96.238816,43.648101
27135,-95.648394,48.821304
27137,-92.311226,47.085203
27139,-93.467891,44.713131
27141,-93.721897,45.404646
27143,-94.168405,44.582707
27145,-94.360801,45.55783
27147,-93.214413,44.064305
27149,-95.926026,45.580687
27151,-95.64442,45.274076
27153,-94.886512,46.066924
27155,-96.54917,45.751079
27157,-92.221086,44.297858
27159,-95.04137,46.524393
27161,-93.549998,44.061
27163,-92.920897,44.988623
27165,-94.583786,43.993423
27167,-96.529683,46.316536
27169,-91.714435,44.023706
27171,-93.828888,45.197631
27173,-95.825953,44.737553
28001,-91.352164,31.547641
28003,-88.531068,34.908785
28005,-90.817613,31.180019
28007,-89.586852,33.066234
28009,-89.204186,34.81011
28011,-90.775341,33.77228
28013,-89.306905,33.929772
28015,-89.918375,33.458389
28017,-88.931815,33.932227
28019,-89.236281,33.342151
28021,-90.954141,31.935954
28023,-88.730627,32.062753
28025,-88.69246,33.62459
28027,-90.569863,34.222427
28029,-90.3792,31.889652
28031,-89.548718,31.637591
28033,-89.956695,34.9304
28035,-89.287875,31.309039
28037,-90.872761,31.473218
28039,-88.592895,30.870536
28041,-88.626139,31.193014
28043,-89.802799,33.768122
28045,-89.405662,30.379392
28047,-89.063834,30.432955
28049,-90.255669,32.303868
28051,-90.0284,33.090289
28053,-90.519097,33.161583
28055,-91.006351,32.867279
28057,-88.40269,34.292221
28059,-88.660684,30.44437
28061,-89.144535,31.966737
28063,-91.055531,31.714659
28065,-89.814551,31.574917
28067,-89.16512,31.668673
28069,-88.677908,32.759967
28071,-89.526937,34.361506
28073,-89.438738,31.264156
28075,-88.691796,32.400679
28077,-90.109256,31.555383
28079,-89.504736,32.725455
28081,-88.702989,34.274735
28083,-90.209073,33.513076
28085,-90.456276,31.550891
28087,-88.392697,33.515351
28089,-90.098347,32.510711
28091,-89.829694,31.244447
28093,-89.542843,34.815764
28095,-88.498114,33.925912
28097,-89.682988,33.496574
28099,-89.117671,32.754204
28101,-89.128073,32.41204
28103,-88.54983,33.13112
28105,-88.828709,33.449231
28107,-89.938355,34.350009
28109,-89.63173,30.641968
28111,-88.991988,31.262821
28113,-90.436396,31.216057
28115,-89.011424,34.252502
28117,-88.552652,34.631502
28119,-90.262854,34.27262
28121,-90.033002,32.279373
28123,-89.529197,32.401463
28125,-90.859408,32.924745
28127,-89.853775,31.916008
28129,-89.506985,31.971849
28131,-89.136496,30.809011
28133,-90.584058,33.594123
28135,-90.197125,33.983144
28137,-89.948155,34.64608
28139,-88.925793,34.767895
28141,-88.228366,34.723482
28143,-90.348008,34.709638
28145,-89.007903,34.484262
28147,-90.121389,31.151622
28149,-90.845245,32.325884
28151,-91.010964,33.37108
28153,-88.659321,31.650101
28155,-89.226172,33.582221
28157,-91.238269,31.121531
28159,-89.042843,33.084925
28161,-89.693557,34.080595
28163,-90.380241,32.82849
29001,-92.582446,40.19566
29003,-94.818293,39.922565
29005,-95.437688,40.421105
29007,-91.821071,39.205358
29009,-93.862744,36.735065
29011,-94.308903,37.495228
29013,-94.362322,38.276163
29015,-93.308948,38.302689
29017,-89.998323,37.338242
29019,-92.321523,38.959866
29021,-94.821954,39.750602
29023,-90.413589,36.75379
29025,-93.994816,39.664765
29027,-91.993447,38.802239
29029,-92.749496,38.072828
29031,-89.60625,37.353894
29033,-93.495631,39.410155
29035,-90.897277,36.949427
29037,-94.423526,38.746895
29039,-93.895022,37.767996
29041,-92.934967,39.486626
29043,-93.262511,37.025687
29045,-91.704732,40.413068
29047,-94.49392,39.251395
29049,-94.370131,39.602093
29051,-92.218634,38.552393
29053,-92.772604,38.909615
29055,-91.322802,38.059819
29057,-93.829944,37.415613
29059,-93.067095,37.643825
29061,-93.983258,39.942683
29063,-94.340504,39.81961
29065,-91.542131,37.630684
29067,-92.588247,36.939746
29069,-90.059209,36.326743
29071,-90.999826,38.432966
29073,-91.491625,38.45363
29075,-94.439143,40.199987
29077,-93.3083,37.193837
29079,-93.595469,40.091968
29081,-94.000823,40.313851
29083,-93.736873,38.394758
29085,-93.330251,37.910659
29087,-95.199972,40.092393
29089,-92.705762,39.139325
29091,-91.873823,36.793133
29093,-90.711599,37.571851
29095,-94.446137,39.010332
29097,-94.443436,37.128993
29099,-90.475744,38.340593
29101,-93.770312,38.757209
29103,-92.150669,40.151668
29105,-92.65456,37.669645
29107,-93.840082,39.056329
29109,-93.797074,37.035398
29111,-91.649082,40.085505
29113,-90.928671,39.003625
29115,-93.065191,39.796774
29117,-93.554324,39.795916
29119,-94.39808,36.618064
29121,-92.51033,39.798522
29123,-90.300055,37.535795
29125,-91.878062,38.171917
29127,-91.455661,39.740805
29129,-93.575859,40.418591
29131,-92.507085,38.247837
29133,-89.365459,36.857051
29135,-92.616373,38.628938
29137,-91.973958,39.520553
29139,-91.468473,38.950802
29141,-92.850304,38.381506
29143,-89.65871,36.605307
29145,-94.41138,36.921798
29147,-94.867916,40.352749
29149,-91.464771,36.618129
29151,-91.883136,38.453819
29153,-92.424289,36.62309
29155,-89.748715,36.181794
29157,-89.857097,37.713672
29159,-93.246549,38.702201
29161,-91.748715,37.942882
29163,-91.156139,39.363535
29165,-94.684698,39.262166
29167,-93.404415,37.601813
29169,-92.1773,37.824257
29171,-92.979269,40.480842
29173,-91.468633,39.57958
29175,-92.451935,39.412906
29177,-94.06127,39.335641
29179,-90.972986,37.336586
29181,-90.791802,36.627212
29183,-90.659755,38.776604
29185,-93.765606,38.056009
29186,-90.168495,37.939468
29187,-90.492254,37.835573
29189,-90.386218,38.647121
29195,-93.204898,39.111933
29197,-92.521984,40.461815
29199,-92.146652,40.448001
29201,-89.577839,37.014498
29203,-91.429472,37.069627
29205,-92.077052,39.761774
29207,-89.969639,36.850777
29209,-93.438433,36.717605
29211,-93.103734,40.217733
29213,-93.189979,36.656706
29215,-91.968488,37.328457
29217,-94.340355,37.835598
29219,-91.10358,38.788663
29221,-90.785675,37.953147
29223,-90.512622,37.107087
29225,-92.907363,37.263337
29227,-94.438797,40.482258
29229,-92.429174,37.192204
29510,-90.252991,38.623609
30001,-112.696186,45.221056
30003,-107.502778,45.565831
30005,-108.899086,48.441261
30007,-111.535578,46.302846
30009,-109.084478,45.321484
30011,-104.523733,45.679127
30013,-111.306258,47.491839
30015,-110.403274,47.956366
30017,-105.817008,46.403369
30019,-105.43032,48.783416
30021,-104.750559,47.134482
30023,-112.954087,46.137755
30025,-104.309448,46.358863
30027,-109.417095,47.097548
30029,-114.279524,48.247204
30031,-111.128283,45.682805
30033,-106.97783,47.299773
30035,-112.799156,48.60292
30037,-109.139695,46.287061
30039,-113.293879,46.448832
30041,-109.762794,48.515786
30043,-112.053101,46.254092
30045,-110.177445,47.102395
30047,-114.120003,47.601938
30049,-112.021955,46.64477
30051,-111.000283,48.563509
30053,-115.437677,48.545504
30055,-105.644548,47.561984
30057,-111.949217,45.43599
30059,-110.875445,46.526827
30061,-114.899744,47.185566
30063,-114.019007,46.875472
30065,-108.490425,46.417552
30067,-110.599015,45.59709
30069,-108.296716,47.012441
30071,-107.857685,48.374315
30073,-112.14458,48.210126
30075,-105.535004,45.440737
30077,-112.760484,46.449212
30079,-105.269953,46.807847
30081,-114.117267,46.352649
30083,-104.203904,47.718572
30085,-105.24766,48.132541
30087,-106.611337,45.907996
30089,-115.177085,47.636131
30091,-104.499376,48.737464
30093,-112.524356,45.98796
30095,-109.249493,45.613806
30097,-109.915919,45.830248
30099,-112.054612,47.771875
30101,-111.85338,48.585262
30103,-107.241002,46.255884
30105,-106.546143,48.233939
30107,-109.844091,46.459736
30109,-104.196159,46.969011
30111,-108.539417,45.791309
31001,-98.414536,40.583763
31003,-98.05683,42.149596
31005,-101.673813,41.569808
31007,-103.702088,41.557925
31009,-100.007203,41.901108
31011,-98.01636,41.68018
31013,-102.903704,42.13504
31015,-98.730816,42.891084
31017,-99.852141,42.538836
31019,-99.07016,40.737667
31021,-96.34254,41.845797
31023,-97.141234,41.248949
31025,-96.062535,40.946526
31027,-97.25486,42.576273
31029,-101.619767,40.500254
31031,-100.754886,42.784561
31033,-102.982623,41.166245
31035,-98.029666,40.545465
31037,-97.076554,41.517571
31039,-96.759175,41.897578
31041,-99.672832,41.401093
31043,-96.441515,42.445678
31045,-103.066266,42.785306
31047,-99.858944,40.828531
31049,-102.345568,41.088793
31051,-96.830002,42.438517
31053,-96.53063,41.473485
31055,-96.061471,41.25991
31057,-101.601584,40.093189
31059,-97.578024,40.540682
31061,-98.946914,40.187621
31063,-100.404194,40.607972
31065,-99.925599,40.248006
31067,-96.714139,40.274482
31069,-102.320765,41.422768
31071,-99.107238,41.800943
31073,-99.830993,40.592124
31075,-101.731402,41.984368
31077,-98.497703,41.556319
31079,-98.377535,40.915597
31081,-98.021089,40.878695
31083,-99.40221,40.145693
31085,-101.058515,40.49563
31087,-101.006845,40.211961
31089,-98.742988,42.4584
31091,-101.062839,42.016041
31093,-98.493475,41.189549
31095,-97.140354,40.164028
31097,-96.228933,40.401369
31099,-98.992742,40.506264
31101,-101.696492,41.141877
31103,-99.703607,42.868344
31105,-103.660711,41.232889
31107,-97.786962,42.61911
31109,-96.673551,40.801058
31111,-100.78923,41.119635
31113,-100.500737,41.484178
31115,-99.402546,41.816483
31117,-100.986347,41.57331
31119,-97.461692,42.003908
31121,-98.039353,41.1312
31123,-103.159224,41.707123
31125,-97.895028,41.403829
31127,-95.836309,40.403957
31129,-98.061108,40.115021
31131,-96.029874,40.669495
31133,-96.184059,40.134921
31135,-101.672531,40.847278
31137,-99.406756,40.468151
31139,-97.591986,42.262663
31141,-97.387409,41.469013
31143,-97.555813,41.174759
31145,-100.587807,40.205475
31147,-95.673464,40.099947
31149,-99.495235,42.536442
31151,-97.02001,40.578252
31153,-96.033892,41.153107
31155,-96.571016,41.199571
31157,-103.68038,41.865018
31159,-97.106037,40.873593
31161,-102.398893,42.699305
31163,-98.97165,41.223634
31165,-103.825082,42.379652
31167,-97.251636,41.985653
31169,-97.62535,40.179229
31171,-100.546734,41.966823
31173,-96.515688,42.159409
31175,-98.947749,41.57337
31177,-96.158296,41.507053
31179,-97.063062,42.22193
31181,-98.485192,40.200266
31183,-98.543873,41.880574
31185,-97.605431,40.864374
32001,-118.795661,39.473584
32003,-115.14994,36.143366
32005,-119.755928,38.956913
32007,-115.518595,40.870907
32009,-117.677756,37.708803
32011,-116.147686,39.866898
32013,-117.745055,41.034176
32015,-116.94321,40.520911
32017,-114.644504,37.6903
32019,-119.325133,39.34878
32021,-118.638693,38.590037
32023,-116.165792,36.468656
32027,-118.294549,40.34344
32029,-119.624138,39.389364
32031,-119.795493,39.535558
32033,-114.862381,39.273238
32510,-119.753711,39.166134
33001,-71.44059,43.5174
33003,-71.166412,43.810972
33005,-72.262715,42.898264
33007,-71.36275,44.550062
33009,-71.953268,43.838874
33011,-71.532928,42.879889
33013,-71.586214,43.246442
33015,-71.104266,42.936726
33017,-70.954943,43.247646
33019,-72.259352,43.367422
34001,-74.583452,39.427562
34003,-74.057383,40.918799
34005,-74.834269,39.982667
34007,-75.027836,39.86401
34009,-74.807133,39.095952
34011,-75.087728,39.428284
34013,-74.216402,40.768705
34015,-75.127456,39.749187
34017,-74.061278,40.742925
34019,-74.896782,40.572183
34021,-74.70034,40.255566
34023,-74.387921,40.485529
34025,-74.14773,40.291301
34027,-74.501661,40.859552
34029,-74.21461,39.973657
34031,-74.191473,40.925361
34033,-75.37658,39.625938
34035,-74.578798,40.561176
34037,-74.654037,41.091219
34039,-74.294239,40.659609
34041,-75.016426,40.795162
35001,-106.616039,35.107877
35003,-108.549207,33.928093
35005,-104.51261,33.364652
35006,-107.804609,35.113977
35007,-104.643736,36.702618
35009,-103.215708,34.420099
35011,-104.257875,34.465462
35013,-106.728697,32.247294
35015,-104.291387,32.547601
35017,-108.242693,32.780455
35019,-104.792489,34.930036
35021,-103.984528,35.861023
35023,-108.76674,32.275633
35025,-103.193711,32.753117
35027,-105.631173,33.420964
35028,-106.270283,35.868766
35029,-107.740412,32.217487
35031,-108.63423,35.511504
35033,-105.241049,35.99928
35035,-105.989844,32.806642
35037,-103.65613,35.180626
35039,-106.204801,36.201002
35041,-103.348217,34.167549
35043,-106.64926,35.328605
35045,-108.220647,36.72194
35047,-105.309684,35.573296
35049,-106.004953,35.630805
35051,-107.277841,33.109273
35053,-106.957793,34.153828
35055,-105.609376,36.433447
35057,-106.100997,34.867124
35059,-103.262118,36.455575
35061,-106.722542,34.752149
36001,-73.81304,42.678976
36003,-78.019297,42.228245
36005,-73.882363,40.849354
36007,-75.934245,42.121306
36009,-78.607656,42.224267
36011,-76.560044,42.93537
36013,-79.314671,42.246256
36015,-76.813046,42.118262
36017,-75.570326,42.481195
36019,-73.545325,44.730039
36021,-73.681049,42.273336
36023,-76.145474,42.59613
36025,-74.993985,42.244535
36027,-73.839417,41.681015
36029,-78.792596,42.889478
36031,-73.689906,44.174474
36033,-74.344365,44.712835
36035,-74.330346,43.059172
36037,-78.173095,42.999625
36039,-73.975873,42.299303
36041,-74.385121,43.612034
36043,-74.995034,43.070536
36045,-75.89664,44.019125
36047,-73.954811,40.650523
36049,-75.449321,43.789217
36051,-77.7642,42.766358
36053,-75.717386,42.984471
36055,-77.619988,43.161503
36057,-74.343088,42.933549
36059,-73.602242,40.716587
36061,-73.966303,40.777958
36063,-78.852109,43.134704
36065,-75.359106,43.147454
36067,-76.167442,43.067188
36069,-77.260129,42.899374
36071,-74.243059,41.422034
36073,-78.223294,43.248317
36075,-76.313145,43.391821
36077,-75.060062,42.563531
36079,-73.717247,41.411282
36081,-73.833451,40.721294
36083,-73.629889,42.699991
36085,-74.137304,40.588523
36087,-74.019039,41.127623
36089,-75.149708,44.651458
36091,-73.785787,43.008801
36093,-73.946182,42.809284
36095,-74.436027,42.642508
36097,-76.869122,42.387815
36099,-76.828521,42.827354
36101,-77.320329,42.266288
36103,-73.113775,40.821924
36105,-74.707459,41.700086
36107,-76.297151,42.12098
36109,-76.477416,42.460259
36111,-74.100745,41.841064
36113,-73.714626,43.396992
36115,-73.458693,43.290255
36117,-77.126682,43.143734
36119,-73.804532,41.040536
36121,-78.218884,42.725754
36123,-77.078037,42.633657
37001,-79.414193,36.071263
37003,-81.191638,35.890299
37005,-81.105731,36.498332
37007,-80.110145,34.972824
37009,-81.489759,36.415077
37011,-81.943907,36.07632
37013,-76.956571,35.519484
37015,-76.968883,36.083776
37017,-78.64109,34.607845
37019,-78.229195,34.03637
37021,-82.550087,35.587674
37023,-81.638347,35.730474
37025,-80.612525,35.399234
37027,-81.503741,35.873614
37029,-76.19176,36.36267
37031,-76.804454,34.746773
37033,-79.361931,36.402606
37035,-81.245839,35.695409
37037,-79.236572,35.744124
37039,-84.016472,35.106484
37041,-76.626254,36.116754
37043,-83.807512,35.035248
37045,-81.517017,35.292496
37047,-78.709221,34.27927
37049,-77.038555,35.066758
37051,-78.936138,35.056493
37053,-76.00904,36.391946
37055,-75.674875,35.907564
37057,-80.199539,35.853743
37059,-80.52158,35.929813
37061,-77.943354,34.936096
37063,-78.9062,35.989801
37065,-77.656297,35.903736
37067,-80.256625,36.106431
37069,-78.340858,36.047826
37071,-81.156574,35.275594
37073,-76.706157,36.46589
37075,-83.787962,35.330969
37077,-78.657114,36.223855
37079,-77.669536,35.468776
37081,-79.850251,36.065215
37083,-77.672949,36.353153
37085,-78.847096,35.359863
37087,-82.939915,35.517983
37089,-82.472355,35.34095
37091,-77.009973,36.351304
37093,-79.177133,34.989624
37095,-76.208134,35.43421
37097,-80.869103,35.707328
37099,-83.202489,35.335275
37101,-78.411954,35.560263
37103,-77.353062,35.027454
37105,-79.173135,35.459779
37107,-77.631874,35.262323
37109,-81.178511,35.485027
37111,-82.021507,35.667958
37113,-83.380756,35.157148
37115,-82.638666,35.839078
37117,-77.100767,35.83274
37119,-80.81662,35.223469
37121,-82.114348,35.962278
37123,-79.88204,35.338988
37125,-79.44678,35.244618
37127,-77.923901,35.947411
37129,-77.879277,34.211687
37131,-77.434731,36.431948
37133,-77.400612,34.741545
37135,-79.081244,35.978596
37137,-76.775886,35.105356
37139,-76.246298,36.293502
37141,-77.836015,34.469476
37143,-76.424403,36.181299
37145,-78.970901,36.373422
37147,-77.381178,35.57917
37149,-82.17545,35.258669
37151,-79.827981,35.766292
37153,-79.733496,34.943604
37155,-79.093867,34.674582
37157,-79.772606,36.402247
37159,-80.521966,35.620395
37161,-81.894978,35.348446
37163,-78.396164,35.033839
37165,-79.47868,34.786334
37167,-80.247474,35.321525
37169,-80.273917,36.35064
37171,-80.656971,36.431314
37173,-83.413457,35.438412
37175,-82.745507,35.2102
37177,-76.238874,35.907144
37179,-80.619702,35.013609
37181,-78.402101,36.331178
37183,-78.673074,35.797203
37185,-78.138543,36.409715
37187,-76.649275,35.864206
37189,-81.685479,36.220299
37191,-77.988459,35.370731
37193,-81.134214,36.193059
37195,-77.931323,35.726988
37197,-80.675351,36.163573
37199,-82.292339,35.910155
38001,-102.625989,46.032949
38003,-98.033032,46.92752
38005,-99.146122,48.020822
38007,-103.308303,47.016207
38009,-100.650317,48.820134
38011,-103.396646,46.171185
38013,-102.521915,48.771943
38015,-100.761508,46.822761
38017,-96.861406,46.860506
38019,-98.41499,48.755612
38021,-98.328185,46.087766
38023,-103.348927,48.874965
38025,-102.643252,47.332654
38027,-99.051857,47.707976
38029,-100.210914,46.265684
38031,-99.040279,47.461156
38033,-103.962247,46.894589
38035,-97.120998,47.907658
38037,-101.711807,46.387962
38039,-98.18781,47.451199
38041,-102.544717,46.448932
38043,-99.813669,46.919486
38045,-98.520959,46.405346
38047,-99.548585,46.498411
38049,-100.694529,48.182793
38051,-99.492295,46.144162
38053,-103.228066,47.815541
38055,-101.204564,47.523976
38057,-101.710274,47.297717
38059,-101.011434,46.819739
38061,-102.371315,48.134702
38063,-98.209414,47.919339
38065,-101.307901,47.121328
38067,-97.582307,48.789947
38069,-99.988011,48.328166
38071,-98.834844,48.136409
38073,-97.657193,46.478257
38075,-101.526364,48.721416
38077,-96.76635,46.264153
38079,-99.817363,48.836027
38081,-97.591691,46.163745
38083,-100.340156,47.576556
38085,-100.72635,46.161951
38087,-103.443746,46.411465
38089,-102.785075,46.879757
38091,-97.746445,47.459656
38093,-98.744696,46.915799
38095,-99.234305,48.584615
38097,-97.226828,47.491264
38099,-97.555232,48.390892
38101,-101.329338,48.256527
38103,-99.781286,47.676761
38105,-103.563682,48.199801
39001,-83.517043,38.848346
39003,-84.121928,40.757675
39005,-82.285667,40.855217
39007,-80.767571,41.795339
39009,-82.10024,39.345128
39011,-84.269481,40.545245
39013,-80.88884,40.042095
39015,-83.892944,38.948158
39017,-84.500267,39.410684
39019,-81.114892,40.608318
39021,-83.76028,40.120684
39023,-83.832287,39.927147
39025,-84.212568,39.103441
39027,-83.842336,39.410549
39029,-80.730264,40.777774
39031,-81.86512,40.290804
39033,-82.874776,40.797377
39035,-81.676037,41.449624
39037,-84.608214,40.115612
39039,-84.449086,41.295398
39041,-83.013223,40.216351
39043,-82.627891,41.405481
39045,-82.666944,39.795111
39047,-83.443808,39.549717
39049,-82.993223,39.999581
39051,-84.094751,41.5785
39053,-82.274096,38.830629
39055,-81.221561,41.489615
39057,-83.996686,39.726404
39059,-81.541827,40.016788
39061,-84.50859,39.180332
39063,-83.641951,41.039056
39065,-83.675755,40.689386
39067,-81.050672,40.308636
39069,-84.076961,41.358702
39071,-83.581988,39.220062
39073,-82.446275,39.522194
39075,-81.872764,40.567391
39077,-82.614391,41.175374
39079,-82.610661,39.036265
39081,-80.694228,40.365108
39083,-82.454649,40.399128
39085,-81.319338,41.685888
39087,-82.540684,38.503018
39089,-82.515759,40.05271
39091,-83.779471,40.383676
39093,-82.112376,41.38987
39095,-83.615345,41.652803
39097,-83.379953,39.924376
39099,-80.696308,41.049535
39101,-83.129156,40.58206
39103,-81.84012,41.144056
39105,-82.013323,39.060946
39107,-84.608376,40.517287
39109,-84.234863,40.046907
39111,-81.06521,39.741292
39113,-84.207549,39.746151
39115,-81.866143,39.61669
39117,-82.795365,40.518848
39119,-81.996883,39.961284
39121,-81.485165,39.77163
39123,-83.081463,41.531718
39125,-84.584535,41.132218
39127,-82.234082,39.754136
39129,-82.993084,39.666509
39131,-83.038173,39.083994
39133,-81.273457,41.17947
39135,-84.624466,39.743738
39137,-84.11802,41.0083
39139,-82.540347,40.762374
39141,-83.022104,39.340682
39143,-83.101952,41.341058
39145,-82.945444,38.781629
39147,-83.201322,41.127601
39149,-84.192139,40.318869
39151,-81.387172,40.837013
39153,-81.512898,41.112957
39155,-80.759806,41.240415
39157,-81.465322,40.479556
39159,-83.350113,40.252214
39161,-84.565522,40.856353
39163,-82.503644,39.240104
39165,-84.245128,39.424293
39167,-81.512663,39.41251
39169,-81.864335,40.838544
39171,-84.573035,41.533691
39173,-83.601066,41.44828
39175,-83.298153,40.865953
40001,-94.63575,35.887523
40003,-98.318501,36.660625
40005,-96.090179,34.324459
40007,-100.616419,36.818228
40009,-99.512486,35.361391
40011,-98.420662,35.884817
40013,-96.383822,33.977295
40015,-98.338494,35.147225
40017,-97.78114,35.491254
40019,-97.20457,34.192075
40021,-94.994163,35.900171
40023,-95.533567,34.020247
40025,-102.485321,36.729185
40027,-97.447024,35.266627
40029,-96.278023,34.546448
40031,-98.421648,34.629215
40033,-98.332256,34.307791
40035,-95.153823,36.675666
40037,-96.233839,35.974422
40039,-98.839507,35.547405
40041,-94.794943,36.463017
40043,-99.06334,36.052429
40045,-99.784141,36.265997
40047,-97.883789,36.398165
40049,-97.288696,34.735648
40051,-97.861894,35.099526
40053,-97.774047,36.762627
40055,-99.459421,34.915219
40057,-99.897993,34.694761
40059,-99.757532,36.771519
40061,-95.121608,35.237804
40063,-96.32078,35.081959
40065,-99.335932,34.653404
40067,-97.866159,34.128114
40069,-96.654549,34.263937
40071,-97.128546,36.745203
40073,-97.912409,35.915329
40075,-99.015436,34.936358
40077,-95.258464,34.883191
40079,-94.641301,35.061854
40081,-96.882293,35.659026
40083,-97.439988,35.832833
40085,-97.171716,33.927597
40087,-97.514971,35.092174
40089,-94.816419,34.001191
40091,-95.580112,35.38549
40093,-98.421761,36.301932
40095,-96.754422,34.020632
40097,-95.235555,36.292914
40099,-97.028909,34.507027
40101,-95.368317,35.709969
40103,-97.233709,36.322823
40105,-95.634714,36.775398
40107,-96.333303,35.44943
40109,-97.510552,35.519307
40111,-95.967902,35.61535
40113,-96.241685,36.424523
40115,-94.837147,36.858051
40117,-96.549785,36.273127
40119,-97.003156,36.091385
40121,-95.719834,34.957989
40123,-96.6714,34.773665
40125,-96.951814,35.317085
40127,-95.477215,34.336743
40129,-99.654582,35.633256
40131,-95.644612,36.317138
40133,-96.628173,35.18355
40135,-94.732692,35.468313
40137,-97.945593,34.517163
40139,-101.449911,36.71352
40141,-98.972769,34.380456
40143,-95.914798,36.105918
40145,-95.612267,36.011259
40147,-95.938601,36.729169
40149,-99.056867,35.313031
40151,-98.719763,36.764048
40153,-99.383837,36.426108
41001,-117.765487,44.779398
41003,-123.278972,44.571181
41005,-122.57415,45.363365
41007,-123.837442,46.098033
41009,-122.93005,45.893189
41011,-124.231247,43.305343
41013,-120.839327,44.285943
41015,-124.328547,42.249909
41017,-121.30565,44.092071
41019,-123.386761,43.237447
41021,-120.194384,45.438181
41023,-119.001015,44.450864
41025,-118.986738,43.522141
41027,-121.563132,45.655533
41029,-122.858316,42.34699
41031,-121.193198,44.601999
41033,-123.386809,42.404127
41035,-121.724883,42.281867
41037,-120.479309,42.490564
41039,-123.117351,44.038338
41041,-124.000861,44.712447
41043,-122.959618,44.554621
41045,-117.062987,43.971312
41047,-122.954793,44.96169
41049,-119.612758,45.730088
41051,-122.588705,45.517889
41053,-123.211525,44.920133
41055,-120.726192,45.522409
41057,-123.858675,45.467428
41059,-118.952064,45.798618
41061,-118.019473,45.341758
41063,-117.310593,45.443081
41065,-121.202594,45.536003
41067,-122.870641,45.48421
41069,-120.085187,44.839441
41071,-123.140448,45.237712
42001,-77.158646,39.851863
42003,-79.966538,40.446249
42005,-79.511347,40.769725
42007,-80.302592,40.684545
42009,-78.477467,40.053372
42011,-75.908729,40.364226
42013,-78.3772,40.485519
42015,-76.526197,41.829722
42017,-75.024632,40.238922
42019,-79.958665,40.829199
42021,-78.800168,40.406479
42023,-78.236901,41.502183
42025,-75.708746,40.871762
42027,-77.838248,40.841087
42029,-75.679351,39.990871
42031,-79.427108,41.183479
42033,-78.495829,40.988404
42035,-77.451745,41.141257
42037,-76.390955,41.037606
42039,-80.101229,41.665952
42041,-77.099379,40.204609
42043,-76.796622,40.306988
42045,-75.348629,39.921778
42047,-78.620668,41.419475
42049,-80.071718,42.068053
42051,-79.71427,39.949668
42053,-79.241027,41.491795
42055,-77.656246,39.882739
42057,-78.086385,39.919336
42059,-80.117573,39.876467
42061,-78.002675,40.424965
42063,-79.129455,40.616037
42065,-78.964758,41.085708
42067,-77.329618,40.571523
42069,-75.636058,41.441266
42071,-76.290855,40.073653
42073,-80.336662,40.986592
42075,-76.442891,40.341615
42077,-75.50897,40.599225
42079,-75.929184,41.199679
42081,-76.98414,41.249888
42083,-78.583174,41.865308
42085,-80.336921,41.263653
42087,-77.615982,40.602421
42089,-75.308191,41.037307
42091,-75.313634,40.169886
42093,-76.630083,40.997428
42095,-75.320519,40.699705
42097,-76.682108,40.873395
42099,-77.152841,40.410162
42101,-75.139469,40.004629
42103,-74.985987,41.302232
42105,-77.936972,41.822324
42107,-76.197364,40.713737
42109,-76.981311,40.786765
42111,-79.010484,40.031352
42113,-76.49082,41.470773
42115,-75.770799,41.822623
42117,-77.207281,41.815409
42119,-76.957803,40.97426
42121,-79.766084,41.406083
42123,-79.238649,41.851752
42125,-80.144361,40.204057
42127,-75.3089,41.539119
42129,-79.591786,40.339402
42131,-75.938352,41.539714
42133,-76.750832,39.942113
44001,-71.283919,41.712119
44003,-71.487993,41.699105
44005,-71.266661,41.548265
44007,-71.450538,41.856551
44009,-71.589511,41.46723
45001,-82.422325,34.238459
45003,-81.769514,33.535417
45005,-81.292207,32.994406
45007,-82.618277,34.557505
45009,-81.074156,33.269763
45011,-81.35449,33.29489
45013,-80.77157,32.323566
45015,-80.032851,33.068108
45017,-80.819428,33.67638
45019,-79.979214,32.822801
45021,-81.64701,35.080073
45023,-81.119727,34.702761
45025,-80.144685,34.682027
45027,-80.206489,33.691189
45029,-80.655455,32.916002
45031,-79.983805,34.326829
45033,-79.359942,34.39471
45035,-80.21761,33.000816
45037,-81.920292,33.722044
45039,-81.073993,34.361469
45041,-79.760954,34.100049
45043,-79.269399,33.453334
45045,-82.335536,34.847691
45047,-82.148595,34.204262
45049,-81.118468,32.800714
45051,-78.940096,33.786228
45053,-81.012491,32.427942
45055,-80.645219,34.259654
45057,-80.74724,34.758129
45059,-82.026131,34.504773
45061,-80.265139,34.181555
45063,-81.213684,33.958732
45065,-82.293659,33.883028
45067,-79.336829,34.164265
45069,-79.670645,34.635883
45071,-81.575787,34.268079
45073,-83.005464,34.707761
45075,-80.799081,33.471516
45077,-82.686452,34.809329
45079,-80.98649,34.060483
45081,-81.706529,33.995666
45083,-82.000163,34.962731
45085,-80.387303,33.929411
45087,-81.625389,34.73195
45089,-79.733271,33.654581
45091,-81.06181,34.991083
46003,-98.531305,43.694057
46005,-98.226727,44.368344
46007,-101.786034,43.208288
46009,-97.860351,42.965559
46011,-96.786838,44.312257
46013,-98.448464,45.477807
46015,-99.188651,43.762079
46017,-99.375243,44.05926
46019,-103.761216,44.672144
46021,-100.101667,45.802878
46023,-98.516453,43.173936
46025,-97.710087,44.839529
46027,-96.93806,42.811174
46029,-97.131386,44.913901
46031,-100.924599,45.764089
46033,-103.518429,43.739996
46035,-98.041463,43.706368
46037,-97.520104,45.364549
46039,-96.658745,44.736642
46041,-101.117074,45.116808
46043,-98.357737,43.37109
46045,-99.160435,45.453502
46047,-103.514809,43.388192
46049,-99.11707,45.077019
46051,-96.652826,45.205831
46053,-99.278797,43.182985
46055,-101.577551,44.130701
46057,-97.142214,44.647395
46059,-98.990895,44.529314
46061,-97.780795,43.658195
46063,-103.525357,45.612413
46065,-100.305241,44.382662
46067,-97.746735,43.336046
46069,-99.46011,44.511151
46071,-101.651749,43.662756
46073,-98.562253,44.087702
46075,-100.697764,43.902516
46077,-97.405002,44.374375
46079,-97.10012,44.002691
46081,-103.800718,44.447051
46083,-96.746072,43.427562
46085,-99.721302,43.951381
46087,-97.344878,43.666866
46089,-99.263772,45.760167
46091,-97.619971,45.766216
46093,-103.288909,44.296996
46095,-100.814632,43.548671
46097,-97.555355,44.01589
46099,-96.732329,43.559391
46101,-96.65761,44.019542
46103,-103.213752,44.064633
46105,-102.322856,45.711883
46107,-99.909039,45.076727
46109,-96.952207,45.61302
46111,-98.149484,44.006288
46113,-102.487474,43.186406
46115,-98.429642,44.910381
46117,-100.436337,44.363198
46119,-100.121731,44.710627
46121,-100.783743,43.248143
46123,-99.851545,43.349802
46125,-97.115892,43.301965
46127,-96.600368,42.702762
46129,-100.313424,45.520019
46135,-97.394907,42.902431
46137,-101.524925,44.939041
47001,-84.180288,36.082029
47003,-86.464741,35.51241
47005,-88.09002,36.071513
47007,-85.195883,35.612132
47009,-83.973022,35.752926
47011,-84.859341,35.166015
47013,-84.125923,36.383124
47015,-86.06262,35.80032
47017,-88.464475,36.018048
47019,-82.201421,36.318376
47021,-87.063974,36.269635
47023,-88.622571,35.436863
47025,-83.64175,36.491598
47027,-85.560947,36.553965
47029,-83.174767,35.947227
47031,-86.124954,35.454014
47033,-89.122632,35.789488
47035,-85.020109,35.954565
47037,-86.74545,36.140596
47039,-88.126566,35.610752
47041,-85.838617,35.966234
47043,-87.345598,36.106096
47045,-89.359385,36.058797
47047,-89.470445,35.203083
47049,-84.93663,36.365518
47051,-86.116239,35.206924
47053,-88.876406,35.938053
47055,-87.031071,35.191241
47057,-83.483361,36.269199
47059,-82.833456,36.177294
47061,-85.720235,35.341946
47063,-83.296406,36.215973
47065,-85.205177,35.093485
47067,-83.23135,36.517795
47069,-89.017224,35.22229
47071,-88.226837,35.199678
47073,-82.873902,36.462944
47075,-89.267291,35.586187
47077,-88.402036,35.648436
47079,-88.293739,36.319164
47081,-87.403679,35.852522
47083,-87.70333,36.304687
47085,-87.774505,36.072233
47087,-85.628303,36.329916
47089,-83.453522,36.067034
47091,-81.843103,36.450735
47093,-83.985913,35.973839
47095,-89.468133,36.357362
47097,-89.54174,35.762745
47099,-87.355853,35.2351
47101,-87.523745,35.533806
47103,-86.574658,35.107495
47105,-84.286322,35.759679
47107,-84.598553,35.425632
47109,-88.542589,35.177181
47111,-86.022066,36.535537
47113,-88.822589,35.650005
47115,-85.604158,35.109364
47117,-86.772777,35.488656
47119,-87.045667,35.623
47121,-84.815615,35.503802
47123,-84.353878,35.517149
47125,-87.352951,36.551703
47127,-86.341444,35.297553
47129,-84.590381,36.098632
47131,-89.080699,36.396173
47133,-85.322853,36.348292
47135,-87.858652,35.652569
47137,-85.141613,36.566056
47139,-84.565986,35.125651
47141,-85.503295,36.163405
47143,-84.955218,35.556242
47145,-84.524136,35.882073
47147,-86.832296,36.484933
47149,-86.44798,35.892016
47151,-84.506554,36.453953
47153,-85.392052,35.354219
47155,-83.580944,35.861562
47157,-89.894188,35.131228
47159,-85.968484,36.241092
47161,-87.798679,36.493717
47163,-82.394917,36.531452
47165,-86.536931,36.398559
47167,-89.748046,35.478427
47169,-86.170445,36.393982
47171,-82.396177,36.149453
47173,-83.816526,36.243267
47175,-85.45447,35.723509
47177,-85.792646,35.695537
47179,-82.434713,36.324631
47181,-87.789817,35.257711
47183,-88.773558,36.292721
47185,-85.487471,35.939892
47187,-86.85552,35.920355
47189,-86.404093,36.201286
48001,-95.687072,31.776143
48003,-102.542123,32.32166
48005,-94.714115,31.312605
48007,-97.071875,28.030072
48009,-98.610345,33.70449
48011,-101.392092,35.085722
48013,-98.576202,29.034632
48015,-96.221858,29.853256
48017,-102.745529,34.216557
48019,-99.036031,29.703543
48021,-97.358916,30.144282
48023,-99.26133,33.596338
48025,-97.736901,28.396655
48027,-97.592082,31.084262
48029,-98.525238,29.479255
48031,-98.393265,30.185496
48033,-101.426185,32.746089
48035,-97.576972,31.86216
48037,-94.203466,33.436159
48039,-95.385415,29.329215
48041,-96.33059,30.628865
48043,-103.617388,30.217438
48045,-101.232801,34.440834
48047,-98.144221,27.204776
48049,-98.989458,31.731622
48051,-96.646318,30.479774
48053,-98.244836,30.671778
48055,-97.686629,29.852388
48057,-96.625056,28.586063
48059,-99.448422,32.346951
48061,-97.556998,26.045736
48063,-94.98408,32.990653
48065,-101.329281,35.384076
48067,-94.299328,33.079821
48069,-102.26892,34.521244
48071,-94.741728,29.801262
48073,-95.211216,31.904972
48075,-100.225433,34.428815
48077,-98.245004,33.828051
48079,-102.737454,33.687756
48081,-100.405638,31.904324
48083,-99.423304,31.808605
48085,-96.693057,33.099357
48087,-100.216872,34.863545
48089,-96.536638,29.661294
48091,-98.221819,29.764495
48093,-98.557373,31.969672
48095,-99.859636,31.280122
48097,-97.137065,33.610424
48099,-97.828854,31.239826
48101,-100.300376,34.019044
48103,-102.352002,31.400898
48105,-101.220153,30.707106
48107,-101.361212,33.664489
48109,-104.821069,31.071834
48111,-102.577929,36.110008
48113,-96.788197,32.808956
48115,-101.949316,32.73465
48117,-102.402042,34.835104
48119,-95.704605,33.37458
48121,-97.019684,33.109148
48123,-97.313585,29.101571
48125,-100.852578,33.534982
48127,-99.817579,28.519099
48129,-100.85405,34.94207
48131,-98.389589,27.729918
48133,-98.840622,32.356034
48135,-102.3858,31.864941
48137,-100.19957,29.977801
48139,-96.815886,32.423916
48141,-106.375936,31.782045
48143,-98.228806,32.206569
48145,-96.950734,31.260968
48147,-96.175947,33.561545
48149,-96.897998,29.8524
48151,-100.413883,32.77399
48153,-101.376103,34.042836
48155,-99.701195,33.991937
48157,-95.663045,29.613217
48159,-95.223453,33.126081
48161,-96.209634,31.696374
48163,-99.107465,28.845787
48165,-102.658431,32.760539
48167,-95.013496,29.424115
48169,-101.385674,33.198856
48171,-98.905778,30.272524
48173,-101.514268,31.851318
48175,-97.370374,28.704105
48177,-97.50357,29.476703
48179,-100.938403,35.527957
48181,-96.624643,33.649485
48183,-94.79133,32.49808
48185,-96.009259,30.447103
48187,-98.097778,29.598985
48189,-101.739801,34.145755
48191,-100.604341,34.658133
48193,-98.099032,31.761315
48195,-101.273482,36.213931
48197,-99.694647,34.283002
48199,-94.262169,30.303364
48201,-95.417454,29.807479
48203,-94.412978,32.534967
48205,-102.488764,35.984331
48207,-99.767465,33.178592
48209,-97.935889,30.00246
48211,-100.364036,35.893959
48213,-95.889717,32.237902
48215,-98.184054,26.232452
48217,-97.174067,31.998096
48219,-102.33483,33.586415
48221,-97.765687,32.432951
48223,-95.586932,33.124117
48225,-95.46482,31.298935
48227,-101.464986,32.242066
48229,-105.641319,31.420986
48231,-96.095018,33.085785
48233,-101.448842,35.6807
48235,-100.844201,31.266676
48237,-98.168776,33.198497
48239,-96.594951,28.961331
48241,-93.994075,30.736464
48243,-103.990284,30.603582
48245,-94.067554,30.01233
48247,-98.68362,27.304609
48249,-98.064602,27.751904
48251,-97.325793,32.435783
48253,-99.808917,32.711236
48255,-97.864151,28.856195
48257,-96.338534,32.656168
48259,-98.725533,29.841299
48261,-97.773573,27.065647
48263,-100.629728,33.247856
48265,-99.159771,30.039931
48267,-99.732497,30.490095
48269,-100.314415,33.653281
48271,-100.418801,29.304886
48273,-97.857766,27.492495
48275,-99.705702,33.464244
48277,-95.53564,33.674176
48279,-102.324158,34.028478
48281,-98.116277,31.09588
48283,-99.249834,28.336046
48285,-97.047964,29.409258
48287,-96.967301,30.270012
48289,-96.046864,31.29928
48291,-94.901747,30.155392
48293,-96.520288,31.592033
48295,-100.354171,36.387589
48297,-98.105736,28.341838
48299,-98.511609,30.684899
48301,-103.602226,31.745821
48303,-101.887742,33.556622
48305,-101.807743,33.181411
48307,-99.337039,31.150738
48309,-97.171313,31.541318
48311,-98.51005,28.449157
48313,-95.897089,30.955599
48315,-94.423837,32.78969
48317,-101.825151,32.184223
48319,-99.216248,30.75329
48321,-96.002899,28.915316
48323,-100.481002,28.70947
48325,-98.968309,29.305418
48327,-99.772013,30.899442
48329,-102.106662,32.002748
48331,-97.01043,30.747373
48333,-98.578116,31.486443
48335,-100.863291,32.392977
48337,-97.756255,33.63828
48339,-95.468727,30.232068
48341,-101.956199,35.904748
48343,-94.72461,33.071717
48345,-100.844887,34.012828
48347,-94.642764,31.623266
48349,-96.488644,32.079812
48351,-93.751989,30.687746
48353,-100.411684,32.449322
48355,-97.430035,27.733674
48357,-100.810965,36.381028
48359,-102.390158,35.324274
48361,-93.870235,30.124169
48363,-98.167593,32.778005
48365,-94.331166,32.167392
48367,-97.736777,32.794168
48369,-102.815812,34.538847
48371,-102.790862,30.898458
48373,-94.940487,30.743717
48375,-101.836644,35.221681
48377,-104.260977,29.807527
48379,-95.797078,32.886055
48381,-101.888863,35.121463
48383,-101.465521,31.215015
48385,-99.841559,29.719686
48387,-95.07117,33.592399
48389,-103.532874,31.382677
48391,-97.244247,28.29039
48393,-100.705316,35.720593
48395,-96.547126,30.970148
48397,-96.435493,32.915625
48399,-99.994273,31.801037
48401,-94.797713,32.193758
48403,-93.850011,31.338566
48405,-94.150624,31.443536
48407,-95.131415,30.547998
48409,-97.399384,27.947285
48411,-98.763369,31.190792
48413,-100.581777,30.875183
48415,-100.905311,32.705897
48417,-99.308669,32.688185
48419,-94.180373,31.823558
48421,-101.996669,36.336364
48423,-95.297792,32.326711
48425,-97.752805,32.23787
48427,-98.84119,26.388176
48429,-98.904243,32.754222
48431,-100.993423,31.839559
48433,-100.236102,33.145963
48435,-100.630735,30.562364
48437,-101.771547,34.531837
48439,-97.244748,32.76219
48441,-99.768456,32.423132
48443,-102.356398,30.159691
48445,-102.271641,33.183905
48447,-99.13442,33.139397
48449,-94.966822,33.175718
48451,-100.460084,31.452272
48453,-97.749981,30.31025
48455,-95.245491,31.000011
48457,-94.365305,30.741967
48459,-94.925153,32.697983
48461,-102.122277,31.183695
48463,-99.75475,29.247671
48465,-100.898068,29.38073
48467,-95.833094,32.57797
48469,-96.990925,28.820583
48471,-95.535016,30.729192
48473,-95.968855,30.021425
48475,-102.921099,31.565078
48477,-96.396264,30.182708
48479,-99.47635,27.520331
48481,-96.175663,29.276822
48483,-100.265178,35.353697
48485,-98.551696,33.922335
48487,-99.296459,34.147319
48489,-97.779937,26.452145
48491,-97.71143,30.554707
48493,-98.142066,29.226084
48495,-103.099982,31.841034
48497,-97.637257,33.164603
48499,-95.396924,32.772492
48501,-102.829655,33.025705
48503,-98.625208,33.166529
48505,-99.26586,26.902457
48507,-99.807717,28.757996
49001,-112.776347,38.299707
49003,-112.09977,41.591026
49005,-111.840612,41.744338
49007,-110.777221,39.601629
49009,-109.646088,40.967854
49011,-111.958756,41.01957
49013,-110.165397,40.289409
49015,-110.925129,39.216051
49017,-112.088923,37.76185
49019,-109.530222,38.569104
49021,-113.073838,37.709161
49023,-111.894782,39.750368
49025,-112.425977,37.114838
49027,-112.494882,39.214604
49029,-111.718106,41.073208
49031,-112.208162,38.288475
49033,-111.278738,41.76689
49035,-111.922762,40.646321
49037,-109.521036,37.523884
49039,-111.606832,39.380549
49041,-112.042048,38.77474
49043,-111.47076,40.727812
49045,-112.379217,40.56078
49047,-109.597164,40.42648
49049,-111.73158,40.272349
49051,-111.412248,40.505696
49053,-113.519705,37.135163
49055,-111.467245,38.361636
49057,-111.990305,41.224614
50001,-73.166759,44.06247
50003,-73.15352,42.972541
50005,-72.07512,44.467875
50007,-73.149444,44.480855
50009,-71.740577,44.666929
50011,-72.993263,44.840447
50013,-73.298303,44.79441
50015,-72.653257,44.58756
50017,-72.394216,43.996017
50019,-72.223292,44.864953
50021,-73.045536,43.601633
50023,-72.58392,44.241925
50025,-72.61616,42.95631
50027,-72.491252,43.545556
51001,-75.641008,37.784132
51003,-78.516763,38.05016
51005,-79.929401,37.800535
51007,-77.977011,37.341681
51009,-79.102718,37.519237
51011,-78.833953,37.359958
51013,-77.10082,38.8749
51015,-79.032141,38.12803
51017,-79.764614,38.017866
51019,-79.497893,37.314607
51021,-81.089354,37.150725
51023,-79.851418,37.448222
51025,-77.86074,36.756799
51027,-82.058814,37.264125
51029,-78.483454,37.582102
51031,-79.165807,37.25795
51033,-77.433166,38.008601
51035,-80.763589,36.712893
51036,-77.102373,37.381884
51037,-78.630844,37.017568
51041,-77.550555,37.418224
51043,-77.988093,39.129687
51045,-80.174522,37.476038
51047,-77.997848,38.500155
51049,-78.257306,37.483249
51051,-82.379283,37.142003
51053,-77.560538,37.135094
51057,-76.90549,37.911272
51059,-77.258936,38.843734
51061,-77.777194,38.696041
51063,-80.342686,36.944158
51065,-78.301879,37.888175
51067,-79.861232,37.016004
51069,-78.193089,39.168677
51071,-80.71689,37.317609
51073,-76.530947,37.377825
51075,-77.85186,37.703091
51077,-81.1193,36.648239
51079,-78.422182,38.254353
51081,-77.537371,36.721194
51083,-78.927107,36.75003
51085,-77.420161,37.687345
51087,-77.495683,37.60276
51089,-79.903132,36.690407
51091,-79.568796,38.386074
51093,-76.655375,36.921892
51095,-76.757657,37.294786
51097,-76.89237,37.699158
51099,-77.162858,38.291254
51101,-77.05673,37.702616
51103,-76.437123,37.70389
51105,-83.103165,36.715746
51107,-77.510676,39.047874
51109,-77.965373,37.979376
51111,-78.21653,36.970055
51113,-78.23516,38.378917
51115,-76.342952,37.444144
51117,-78.320815,36.691889
51119,-76.504547,37.601651
51121,-80.412336,37.189631
51125,-78.871691,37.810028
51127,-77.037031,37.497253
51131,-75.917594,37.389508
51133,-76.414247,37.890865
51135,-78.075207,37.144866
51137,-77.966785,38.267152
51139,-78.500392,38.604441
51141,-80.282113,36.655724
51143,-79.409643,36.772086
51145,-77.872664,37.546342
51147,-78.423416,37.259323
51149,-77.293227,37.215406
51153,-77.409683,38.691636
51155,-80.705779,37.081529
51157,-78.124495,38.692393
51159,-76.715071,37.94866
51161,-79.989575,37.271414
51163,-79.428059,37.786365
51165,-78.837195,38.454851
51167,-82.090612,36.935284
51169,-82.594258,36.684532
51171,-78.529664,38.86825
51173,-81.574231,36.829257
51175,-77.070645,36.71473
51177,-77.571234,38.238928
51179,-77.447823,38.416536
51181,-76.867196,37.118648
51183,-77.210307,36.972121
51185,-81.566563,37.147549
51187,-78.179261,38.925068
51191,-81.972246,36.703579
51193,-76.844011,38.155269
51195,-82.609349,36.952922
51197,-81.066298,36.919123
51199,-76.49193,37.172279
51510,-77.09256,38.820052
51515,-79.520701,37.337281
51520,-82.169512,36.610479
51530,-79.352493,37.734133
51540,-78.490591,38.033545
51550,-76.282263,36.757515
51560,-79.824452,37.819864
51570,-77.401027,37.264094
51580,-79.98934,37.781277
51590,-79.409867,36.591119
51595,-77.541306,36.691841
51600,-77.302597,38.852046
51610,-77.173924,38.883689
51620,-76.936518,36.678687
51630,-77.4809,38.298644
51640,-80.918362,36.665998
51650,-76.366965,37.042681
51660,-78.868871,38.440627
51670,-77.304582,37.289087
51678,-79.442982,37.784093
51680,-79.188942,37.394382
51683,-77.474795,38.753009
51685,-77.448892,38.772139
51690,-79.86482,36.683587
51700,-76.495942,37.089637
51710,-76.262277,36.891356
51720,-82.624348,36.938169
51730,-77.396848,37.210514
51735,-76.381322,37.131625
51740,-76.35389,36.833227
51750,-80.558831,37.128676
51760,-77.466976,37.53579
51770,-79.960131,37.278728
51775,-80.05573,37.286115
51790,-79.077956,38.157796
51800,-76.556872,36.776711
51810,-76.099445,36.821554
51820,-78.896755,38.072013
51830,-76.713075,37.275866
51840,-78.170343,39.175174
53001,-119.02242,46.865676
53003,-117.067274,46.388456
53005,-119.276099,46.229004
53007,-120.344707,47.530217
53009,-123.451968,48.094258
53011,-122.561881,45.679487
53013,-117.975741,46.325941
53015,-122.899958,46.137731
53017,-120.172826,47.511897
53019,-118.531788,48.622195
53021,-119.11931,46.304218
53023,-117.576254,46.476155
53025,-119.469973,47.141696
53027,-123.76763,46.991374
53029,-122.576588,48.206288
53031,-122.825295,48.008216
53033,-122.229983,47.54832
53035,-122.632791,47.613056
53037,-120.623911,47.047742
53039,-121.132931,45.797495
53041,-122.832505,46.617975
53043,-118.325118,47.633857
53045,-123.036931,47.287955
53047,-119.578336,48.446246
53049,-123.896075,46.528108
53051,-117.222011,48.286333
53053,-122.410936,47.179454
53055,-122.980165,48.576187
53057,-122.335882,48.466681
53059,-121.925675,45.691397
53061,-122.189388,47.929139
53063,-117.37087,47.681186
53065,-117.810545,48.279486
53067,-122.840989,46.999073
53069,-123.428851,46.236785
53071,-118.390182,46.077821
53073,-122.485318,48.820552
53075,-117.221303,46.797297
53077,-120.41619,46.515822
54001,-80.004972,39.109653
54003,-77.982455,39.457075
54005,-81.752712,38.054143
54007,-80.728585,38.691193
54009,-80.58577,40.308456
54011,-82.338233,38.413495
54013,-81.104298,38.85054
54015,-81.103578,38.468912
54017,-80.72175,39.287426
54019,-81.13355,38.033101
54021,-80.827613,38.924402
54023,-79.162438,39.061384
54025,-80.493567,37.855598
54027,-78.611263,39.327538
54029,-80.569498,40.479465
54031,-78.881937,39.037706
54033,-80.343216,39.287945
54035,-81.712041,38.840404
54037,-77.847656,39.315195
54039,-81.652953,38.361943
54041,-80.471273,39.03246
54043,-82.066952,38.199035
54045,-81.971518,37.856637
54047,-81.658541,37.389931
54049,-80.181612,39.486129
54051,-80.7045,39.926441
54053,-82.059748,38.826465
54055,-81.140806,37.352463
54057,-78.909946,39.465107
54059,-82.157458,37.705418
54061,-79.959809,39.636196
54063,-80.636561,37.528463
54065,-78.223556,39.581071
54067,-80.775451,38.275855
54069,-80.672339,40.078993
54071,-79.337502,38.672518
54073,-81.19208,39.383419
54075,-80.024122,38.286867
54077,-79.676099,39.495471
54079,-81.926568,38.475729
54081,-81.202994,37.770284
54083,-79.872569,38.869406
54085,-81.044436,39.213934
54087,-81.346321,38.729491
54089,-80.847554,37.666908
54091,-80.064419,39.337291
54093,-79.607202,39.11173
54095,-80.925137,39.508846
54097,-80.228779,38.953837
54099,-82.491282,38.261889
54101,-80.479615,38.469808
54103,-80.758633,39.62681
54105,-81.392132,39.052702
54107,-81.530388,39.266169
54109,-81.564644,37.628554
55001,-89.782239,43.944401
55003,-90.783551,46.470378
55005,-91.815595,45.436158
55007,-91.102103,46.588678
55009,-88.031843,44.497198
55011,-91.743927,44.379071
55013,-92.413067,45.833418
55015,-88.258764,44.149211
55017,-91.32738,44.986588
55019,-90.547599,44.784643
55021,-89.367399,43.46149
55023,-91.011263,43.159807
55025,-89.393883,43.074343
55027,-88.712346,43.434231
55029,-87.345365,44.904102
55031,-92.017477,46.633029
55033,-91.895108,44.914467
55035,-91.454948,44.790413
55037,-88.237785,45.852429
55039,-88.486885,43.76493
55041,-88.806904,45.561305
55043,-90.616057,42.82529
55045,-89.576089,42.670633
55047,-89.013089,43.844076
55049,-90.126735,42.982704
55051,-90.196635,46.353147
55053,-90.901558,44.320474
55055,-88.784757,43.040167
55057,-90.100354,43.842134
55059,-87.922956,42.572633
55061,-87.58979,44.527541
55063,-91.208437,43.858367
55065,-90.139042,42.661836
55067,-89.105771,45.18444
55069,-89.686664,45.285493
55071,-87.723854,44.104426
55073,-89.710946,44.908503
55075,-87.846106,45.221014
55077,-89.41107,43.813741
55078,-88.641293,44.913795
55079,-87.959548,43.032865
55081,-90.640636,43.942291
55083,-88.147837,44.8979
55085,-89.490882,45.708051
55087,-88.400738,44.309508
55089,-87.949891,43.32038
55091,-91.989241,44.590724
55093,-92.544547,44.771766
55095,-92.478528,45.406302
55097,-89.526902,44.498175
55099,-90.398474,45.724747
55101,-87.926109,42.734943
55103,-90.39055,43.350327
55105,-89.03741,42.651893
55107,-91.127194,45.448067
55109,-92.579597,45.018036
55111,-89.869597,43.446515
55113,-91.346565,45.936442
55115,-88.68623,44.787648
55117,-87.820251,43.733217
55119,-90.412651,45.173257
55121,-91.360514,44.292059
55123,-90.836755,43.605782
55125,-89.499417,45.984593
55127,-88.540668,42.664074
55129,-91.834412,45.847241
55131,-88.215167,43.347344
55133,-88.236902,43.034419
55135,-88.937106,44.432371
55137,-89.22596,44.10115
55139,-88.540068,44.100643
55141,-89.963901,44.478782
56001,-105.598281,41.314993
56003,-108.244578,44.629497
56005,-105.494894,44.254397
56007,-107.083924,41.670117
56009,-105.527589,42.79411
56011,-104.625297,44.432535
56013,-108.608913,43.013591
56015,-104.220514,42.046971
56017,-108.230408,43.661835
56019,-106.693517,44.290845
56021,-104.773209,41.153225
56023,-110.841375,42.580437
56025,-106.336877,42.844218
56027,-104.465879,42.809987
56029,-108.97346,44.615174
56031,-104.928453,42.10231
56033,-106.974338,44.781091
56035,-109.961153,42.780901
56037,-109.295115,41.580266
56039,-110.784353,43.494174
56041,-110.767519,41.27186
56043,-107.911552,44.012142
56045,-104.312414,43.910214
